,RANK_2025,SIZE,RES.,Academic_Reputation_Score,Employer_Reputation_Score,Faculty_Student_Score,Citations_per_Faculty_Score,International_Faculty_Score,International_Students_Score,International_Research_Network_Score,Employment_Outcomes_Score,Sustainability_Score
0,1,2,4,100.0,100.0,100.0,100.0,99.3,86.8,96.0,100.0,99.0
1,2,3,4,98.5,99.5,98.2,93.9,100.0,99.6,97.4,93.4,99.7
2,3,3,4,100.0,100.0,100.0,84.8,98.1,97.7,100.0,100.0,85.0
3,4,3,4,100.0,100.0,96.3,100.0,74.1,69.0,99.6,100.0,84.4
4,5,3,4,100.0,100.0,100.0,84.6,100.0,94.8,99.3,100.0,84.8
5,6,3,4,100.0,100.0,100.0,99.0,70.3,60.8,96.8,100.0,81.2
6,7,3,4,98.8,87.2,65.9,97.9,100.0,98.6,95.7,90.5,98.8
7,8,4,4,99.5,91.1,68.8,93.1,100.0,88.9,91.6,100.0,97.7
8,9,4,4,99.5,98.3,95.9,72.2,99.0,100.0,99.9,70.3,74.8
9,10,1,4,96.5,95.3,100.0,100.0,100.0,79.8,65.5,31.0,62.5
10,11,3,4,96.3,91.9,99.8,74.0,90.9,66.2,91.9,100.0,93.0
11,12,4,4,100.0,100.0,23.5,98.2,91.5,61.0,97.2,98.4,100.0
12,13,4,4,98.5,93.9,15.4,93.0,95.1,99.8,97.4,96.5,99.6
13,14,4,4,99.5,96.6,92.6,97.7,50.3,23.6,79.8,94.2,46.9
14,15,3,4,91.9,73.3,80.6,92.4,100.0,83.5,89.4,83.9,95.6
15,16,3,4,98.3,93.1,52.7,97.5,54.2,63.4,94.0,97.1,72.1
16,17,3,4,97.4,59.4,81.2,86.4,100.0,99.3,81.4,99.7,89.2
17,18,4,4,96.4,90.0,10.9,93.7,99.9,100.0,95.8,93.1,99.6
18,19,4,4,90.5,90.4,20.6,94.9,100.0,99.4,98.3,97.7,99.2
19,20,4,4,99.2,97.7,95.0,99.1,18.1,13.4,79.2,92.3,40.4
20,21,3,4,99.1,96.4,94.2,60.8,79.0,87.0,85.1,99.1,46.9
21,22,2,4,99.8,98.3,57.0,100.0,9.6,56.6,78.3,95.7,51.5
22,23,3,4,99.9,99.9,100.0,38.6,91.5,63.3,93.9,98.5,92.2
23,24,3,4,74.4,97.6,98.1,87.6,62.3,65.0,99.8,97.1,73.4
24,25,4,4,99.7,96.9,44.9,50.8,96.9,96.1,97.7,98.7,100.0
25,26,2,4,84.2,67.2,91.2,93.6,100.0,100.0,81.7,27.2,86.7
26,27,4,4,98.3,97.2,65.5,47.7,98.7,99.8,99.5,55.9,99.0
27,28,4,4,83.0,98.6,76.8,75.9,80.4,98.6,95.6,34.5,93.1
28,29,3,4,94.3,87.6,62.3,57.9,83.7,89.6,94.2,98.3,99.1
29,30,3,4,93.8,75.4,34.6,84.6,100.0,96.2,91.4,56.6,97.1
30,31,3,4,98.5,98.6,83.1,71.7,10.5,16.9,73.2,100.0,96.0
31,32,3,4,86.0,62.6,100.0,84.2,63.7,95.8,98.7,71.5,61.9
32,32,3,4,100.0,99.8,89.3,57.3,10.1,29.7,87.4,99.9,98.3
33,34,4,4,99.6,98.8,100.0,31.7,41.5,97.0,98.5,99.9,71.8
34,34,4,4,95.6,98.1,51.3,45.1,93.1,99.2,99.2,87.6,99.8
35,36,3,4,86.7,53.3,64.2,92.9,100.0,87.5,74.2,89.0,86.7
36,37,4,4,89.2,79.6,9.4,87.6,100.0,100.0,94.8,79.4,98.2
37,38,4,4,98.3,94.3,34.5,57.7,95.5,72.8,96.2,74.6,99.8
38,39,4,4,85.7,87.8,79.7,80.7,88.4,35.1,67.2,64.4,82.7
39,40,4,4,90.3,85.7,64.3,53.6,99.1,99.5,98.6,59.8,96.2
40,40,4,4,86.7,74.0,21.2,90.2,100.0,100.0,96.7,56.7,96.7
41,42,4,4,100.0,99.8,35.4,74.0,42.2,22.3,95.5,94.7,67.1
42,43,4,4,96.3,98.8,90.5,28.6,30.2,98.1,92.6,98.4,95.4
43,44,4,4,97.9,92.1,80.3,47.6,65.5,39.2,95.8,94.5,62.2
44,45,4,4,84.0,86.3,58.6,99.6,23.1,19.6,73.7,73.5,80.3
45,46,2,4,44.7,99.6,95.9,86.1,99.1,98.0,89.6,97.7,54.8
46,47,2,4,81.1,50.3,56.7,99.7,100.0,95.4,46.7,65.4,77.6
47,47,4,4,75.3,95.4,54.7,99.5,95.0,15.9,91.8,55.5,30.7
48,49,3,4,74.4,83.0,39.4,79.7,100.0,91.4,93.7,54.8,99.1
49,50,3,4,98.8,99.0,94.2,39.3,15.9,19.0,85.7,72.8,85.2
50,50,3,4,84.0,68.0,97.6,67.7,45.4,52.0,89.4,96.8,55.4
51,50,3,4,67.2,97.0,35.1,69.4,100.0,100.0,81.2,99.6,91.3
52,53,2,4,87.7,91.0,60.2,96.2,21.1,10.9,46.8,63.3,60.3
53,54,3,4,75.8,82.5,36.7,75.9,87.5,89.8,94.6,51.2,98.9
54,55,4,4,83.8,52.1,21.4,92.2,96.0,87.5,96.3,79.8,38.2
55,56,3,4,81.5,97.0,84.2,44.1,20.7,51.2,78.7,87.8,88.9
56,57,3,4,68.0,35.6,65.0,94.9,100.0,91.9,78.9,64.5,77.4
57,58,3,4,69.8,80.1,40.9,98.9,33.7,99.1,79.9,61.5,24.5
58,59,4,4,92.2,86.6,38.5,50.0,75.1,37.6,95.5,66.9,62.2
59,60,3,4,82.9,95.1,75.7,29.1,60.2,64.2,91.8,69.3,83.6
60,61,3,4,86.0,74.7,100.0,35.1,16.3,61.0,93.3,85.5,75.0
61,62,2,4,60.9,30.8,89.5,100.0,100.0,100.0,62.9,37.5,72.9
62,63,4,4,84.6,49.6,7.1,91.0,93.8,47.7,99.5,75.3,51.2
63,63,4,4,87.2,52.0,43.0,72.3,33.8,46.7,99.8,79.7,87.6
64,65,4,4,82.2,44.7,15.5,66.9,100.0,84.0,87.4,92.9,99.7
65,66,4,4,93.5,86.6,8.1,76.7,6.1,11.7,91.7,81.7,52.1
66,67,3,4,78.2,93.8,73.0,45.0,15.2,45.7,65.7,89.0,85.2
67,68,4,4,93.4,92.1,25.5,44.3,16.7,27.4,71.5,99.9,90.0
68,69,3,4,72.2,86.4,35.5,37.7,98.1,99.1,94.2,65.7,89.7
69,69,4,4,83.9,75.7,6.4,77.5,14.0,56.3,90.4,81.7,65.0
70,71,4,4,94.1,94.1,71.7,1.6,63.9,64.6,73.4,99.8,51.8
71,72,4,4,89.3,57.8,50.8,67.0,54.6,44.3,95.5,21.7,44.3
72,73,4,4,60.7,99.1,99.8,35.0,35.7,58.6,98.6,70.8,72.6
73,74,3,4,45.2,55.6,62.3,86.1,92.0,65.9,91.1,62.4,94.8
74,75,3,4,68.3,52.5,55.5,44.6,97.4,73.4,96.7,86.5,99.6
75,76,4,4,81.9,55.5,28.6,78.8,11.0,32.8,95.6,68.7,66.5
76,77,3,4,55.5,41.8,13.1,98.8,100.0,99.8,94.2,78.0,50.8
77,78,4,4,77.4,67.7,38.0,32.5,95.7,99.4,97.6,33.5,98.5
78,79,2,4,59.9,49.6,77.7,76.4,79.9,50.9,83.2,63.6,46.6
79,80,4,4,68.9,69.0,39.0,40.5,92.6,89.3,97.5,44.5,96.8
80,80,3,4,50.1,44.3,40.7,83.4,92.5,98.0,97.1,49.2,96.9
81,82,3,4,56.0,38.9,17.9,87.0,100.0,99.3,93.6,51.5,95.7
82,82,4,4,70.5,75.9,36.4,39.8,82.5,88.5,98.8,50.9,71.8
83,84,3,4,76.9,59.4,99.4,32.7,54.2,53.6,94.5,25.2,77.6
84,84,2,4,75.1,94.1,84.1,43.1,23.4,30.5,61.2,23.7,62.2
85,86,3,4,82.4,87.0,45.2,54.9,23.9,12.2,68.2,33.0,68.0
86,87,3,4,69.5,47.4,20.2,58.4,99.3,88.0,91.3,88.6,57.7
87,88,3,4,43.9,55.0,9.8,97.7,96.6,86.0,91.4,40.2,96.3
88,89,3,4,59.6,83.9,26.3,40.9,97.3,84.9,89.7,39.4,98.6
89,89,4,4,76.6,64.5,25.0,55.4,25.1,28.0,97.9,61.9,96.5
90,89,4,4,63.3,81.1,11.4,54.3,79.6,45.2,92.9,63.1,90.1
91,92,4,4,92.8,74.6,21.4,28.5,6.8,2.1,95.9,97.9,93.6
92,93,3,4,93.7,98.0,23.7,8.8,26.0,3.7,82.5,99.9,79.3
93,94,4,4,78.0,82.3,99.7,4.1,19.7,91.5,88.1,95.8,3.5
94,94,4,4,97.0,94.4,37.4,2.4,7.5,2.3,93.2,93.2,83.4
95,96,4,4,57.0,42.2,39.1,61.3,98.3,71.0,96.0,70.0,97.6
96,97,3,4,80.3,56.9,5.0,71.7,62.4,43.7,93.1,32.8,31.3
97,98,1,4,45.9,80.0,99.9,96.9,27.6,2.7,26.6,11.0,36.6
98,99,4,4,46.6,93.7,6.3,71.9,48.6,85.5,86.1,33.4,84.8
99,100,4,4,74.0,31.6,99.8,23.1,84.9,15.6,98.2,90.8,73.2
100,101,2,4,38.0,46.5,86.0,78.0,100.0,47.6,73.9,97.8,20.1
101,102,3,4,44.9,80.9,39.4,68.4,70.5,42.9,86.4,50.8,75.3
102,103,3,4,61.4,33.7,52.0,42.3,99.4,81.1,96.7,68.4,99.2
103,104,2,4,46.5,63.2,64.7,49.2,98.4,100.0,83.8,18.5,91.1
104,105,3,4,58.3,48.7,52.5,43.9,83.3,96.8,95.8,33.8,97.7
105,105,4,4,66.5,38.8,31.0,79.5,55.7,19.4,97.3,54.7,61.9
106,107,3,4,73.8,82.8,97.8,23.9,14.1,11.4,68.3,22.6,78.6
107,108,4,4,61.1,65.8,32.8,37.6,89.4,70.5,98.0,38.0,97.0
108,109,2,4,33.2,22.1,99.1,84.4,100.0,87.7,88.1,43.6,47.9
109,109,3,4,59.9,26.4,92.2,40.1,100.0,42.8,94.3,88.6,58.7
110,111,4,4,70.8,77.0,5.8,40.2,67.4,56.8,88.1,52.9,72.6
111,108,3,4,61.9,69.1,38.3,41.3,34.3,88.9,86.9,77.2,65.9
112,113,3,4,45.7,40.6,33.2,73.6,95.2,40.1,78.2,95.1,94.7
113,114,4,4,67.1,82.6,20.3,52.8,21.3,66.4,75.5,43.1,39.5
114,115,4,4,40.4,64.2,6.5,78.9,75.8,71.3,84.6,58.9,93.3
115,116,4,4,77.7,47.8,74.3,23.7,35.3,23.6,91.6,81.6,59.6
116,117,3,4,62.3,29.1,59.4,49.6,73.4,5.7,96.9,90.5,94.5
117,118,3,4,58.5,86.0,14.4,79.1,4.3,1.3,52.3,64.5,52.5
118,119,3,4,55.6,16.0,73.8,55.7,91.6,31.7,97.3,80.9,72.1
119,120,3,4,48.3,36.9,30.4,62.8,99.5,99.2,92.5,21.4,95.6
120,120,4,4,32.6,38.9,3.3,93.4,99.8,49.5,81.5,96.7,99.3
121,122,2,4,29.8,50.6,68.1,48.2,100.0,96.5,89.4,98.6,74.0
122,123,4,4,40.4,48.0,5.2,77.7,100.0,91.4,83.2,38.4,93.9
123,123,3,4,57.9,70.7,80.5,41.3,17.5,41.7,54.2,36.5,79.1
124,125,4,4,50.4,54.5,17.3,58.0,26.0,74.1,85.8,92.6,97.7
125,126,4,4,89.2,69.9,7.4,27.0,69.1,35.1,93.1,19.0,19.9
126,126,3,4,51.4,43.5,16.6,46.4,99.1,74.8,87.2,89.8,95.6
127,128,3,4,52.5,21.0,26.7,64.5,80.7,89.8,95.7,86.6,58.7
128,129,3,4,50.0,59.3,39.2,38.7,89.5,68.6,97.1,31.3,97.1
129,130,4,4,63.0,48.0,23.5,52.5,72.7,51.3,90.6,22.8,76.1
130,131,2,4,26.6,13.5,61.4,94.5,100.0,85.8,89.4,69.9,44.6
131,132,4,4,80.7,48.5,5.0,45.3,3.1,8.0,97.1,88.0,72.3
132,133,4,4,80.8,47.8,3.7,46.6,14.5,12.3,96.0,53.8,88.4
133,133,3,4,33.4,39.2,9.1,79.6,99.9,91.6,90.9,54.1,95.0
134,133,3,4,50.0,23.7,94.7,97.7,11.6,5.1,75.7,31.9,11.9
135,136,2,4,28.7,72.1,35.7,79.3,100.0,82.7,70.8,24.2,29.8
136,137,4,4,70.9,40.4,23.2,13.0,100.0,92.0,96.0,89.7,60.9
137,138,3,4,61.7,66.4,80.4,14.1,45.7,78.8,83.7,22.5,64.4
138,139,2,4,26.3,50.4,50.5,77.4,100.0,63.1,77.0,31.7,87.0
139,139,4,4,82.8,90.0,8.0,11.2,8.5,4.5,77.1,96.1,64.1
140,141,3,4,38.9,36.7,27.7,69.6,93.3,92.3,89.7,28.8,96.2
141,141,4,4,68.4,32.9,21.3,54.5,85.0,51.7,95.2,48.8,25.5
142,141,2,4,39.1,27.3,62.5,87.9,77.5,94.1,62.2,29.5,20.6
143,144,3,4,54.7,27.6,30.8,63.8,89.8,11.9,96.1,69.5,76.4
144,145,4,4,57.1,32.5,35.6,93.0,61.9,7.6,67.1,29.0,16.5
145,146,3,4,63.3,69.7,46.4,19.6,24.3,96.4,87.8,20.1,71.2
146,147,3,4,55.3,74.3,58.0,22.1,63.2,74.8,86.1,37.7,35.4
147,148,3,4,61.0,61.9,58.8,25.7,36.1,92.0,80.5,17.5,53.5
148,149,4,4,59.8,61.4,41.6,34.4,89.3,9.5,93.1,35.9,58.4
149,150,2,4,54.1,80.9,17.3,77.4,3.1,1.5,63.3,35.1,32.7
150,150,3,4,35.8,67.9,18.3,52.0,94.3,80.0,84.2,35.2,90.4
151,152,4,4,59.5,48.6,11.4,50.3,54.5,12.4,97.5,57.1,96.3
152,152,3,4,63.2,65.8,84.7,25.4,14.5,19.6,64.8,21.5,75.0
153,154,4,4,61.2,66.0,4.4,64.3,21.9,12.1,92.6,44.4,39.5
154,155,3,4,45.5,17.2,40.4,62.4,100.0,97.6,94.2,49.5,42.3
155,155,4,4,61.4,36.5,72.9,47.2,23.5,11.1,91.6,55.2,44.6
156,155,3,4,42.1,23.8,98.6,41.3,59.4,81.2,97.9,21.1,92.3
157,158,3,4,37.0,58.2,18.1,63.3,76.0,70.0,85.4,89.3,28.7
158,159,4,4,55.5,32.8,76.0,19.3,87.6,54.1,84.9,54.2,91.4
159,159,4,4,52.3,34.4,49.3,41.2,93.2,83.5,94.1,40.0,40.1
160,161,2,4,29.7,16.1,45.9,99.3,100.0,38.0,93.8,30.7,52.1
161,162,3,4,43.0,78.0,77.1,28.5,17.4,57.6,63.0,43.3,85.8
162,163,3,3,54.2,79.6,99.3,1.4,49.0,54.2,64.7,59.6,29.8
163,164,4,4,68.1,68.1,28.7,7.9,10.5,34.3,91.8,96.3,88.9
164,165,4,4,73.7,30.3,12.4,38.1,23.1,26.3,96.8,71.5,92.2
165,165,3,4,46.1,39.4,37.8,36.6,88.3,85.4,97.2,36.3,95.6
166,167,3,4,58.3,66.5,78.4,27.9,18.7,14.1,69.9,15.1,77.6
167,167,3,4,29.5,24.5,17.0,94.6,91.8,56.3,89.0,18.3,93.9
168,169,4,4,53.2,24.8,78.5,21.5,79.7,21.4,99.5,72.9,98.3
169,169,3,4,42.9,45.0,30.2,42.5,91.0,72.2,95.1,30.1,97.1
170,171,3,4,45.2,51.8,13.8,46.8,56.5,19.2,97.3,95.8,95.6
171,172,3,4,32.2,41.7,13.1,65.7,86.2,78.6,91.7,47.8,94.0
172,173,3,4,59.0,63.3,76.2,26.0,18.7,12.1,77.7,15.5,78.1
173,174,3,4,33.1,27.7,15.7,84.7,100.0,24.3,94.2,31.0,90.7
174,175,4,4,64.0,35.8,11.5,59.5,18.5,16.5,93.1,24.0,86.7
175,176,3,4,39.5,34.2,63.8,35.6,96.2,56.7,82.6,49.9,91.9
176,171,3,4,36.3,12.0,99.7,47.7,85.4,72.4,83.6,31.9,86.7
177,178,3,4,52.6,21.3,7.7,97.8,75.4,17.2,71.2,7.9,28.4
178,179,3,4,28.3,24.5,28.7,91.7,99.9,24.2,82.0,14.8,92.4
179,179,3,3,67.7,88.4,14.2,5.9,22.8,1.9,55.2,98.2,80.0
180,181,3,4,48.6,59.6,46.0,40.5,14.1,86.9,82.9,18.0,52.1
181,181,4,4,60.7,96.1,23.5,3.8,27.9,28.0,66.4,83.7,56.1
182,183,1,4,12.9,4.7,99.9,100.0,100.0,100.0,74.3,6.0,2.6
183,184,3,4,42.9,30.1,43.0,40.1,87.8,75.6,92.5,23.5,97.4
184,185,4,3,53.8,91.4,62.5,2.4,20.8,10.6,56.6,96.1,54.4
185,186,3,4,46.8,43.2,36.1,30.0,82.8,67.7,92.3,18.9,96.0
186,187,1,4,29.8,16.3,97.0,93.5,59.0,11.7,70.3,14.0,6.6
187,188,4,4,53.0,91.6,57.2,5.1,9.4,10.2,57.5,91.4,59.0
188,189,4,4,26.2,23.3,3.5,81.3,91.7,77.8,93.0,39.8,92.9
189,190,2,4,33.9,50.4,12.5,73.8,85.5,90.4,71.6,19.1,11.3
190,191,3,4,50.7,35.7,16.5,54.7,40.2,20.4,93.4,42.8,90.6
191,192,4,4,31.8,16.9,29.1,96.9,54.5,26.5,72.9,24.0,81.4
192,193,3,4,40.8,56.7,5.4,42.6,69.2,26.6,71.2,87.1,93.8
193,194,3,4,35.4,18.3,60.9,33.6,90.0,78.2,94.2,63.1,92.8
194,194,4,4,39.2,40.5,14.0,91.9,39.2,4.9,78.2,46.5,22.2
195,196,3,4,25.2,19.0,93.8,78.4,52.2,33.9,85.6,22.8,37.0
196,197,4,4,31.3,23.9,4.6,73.6,96.4,63.8,82.7,36.8,93.7
197,198,4,4,61.0,64.3,29.1,21.0,7.7,10.4,92.0,43.1,79.6
198,198,4,4,37.9,44.5,18.1,40.3,77.7,66.2,85.2,53.3,93.3
199,200,4,4,48.6,44.1,7.4,47.1,52.1,37.2,95.7,23.6,96.3
200,200,4,4,39.4,28.7,54.3,40.0,99.4,15.0,95.1,99.0,33.0
201,332,2,4,20.9,38.6,19.1,23.9,100.0,100.0,48.1,48.0,16.5
202,203,3,4,48.4,25.9,4.6,55.0,91.0,47.6,89.9,76.4,27.1
203,203,4,4,56.8,33.1,32.4,41.9,7.7,8.7,91.7,52.5,96.5
204,205,1,4,8.9,58.5,99.0,62.6,43.5,96.5,37.3,59.5,10.8
205,206,3,4,35.4,33.6,28.6,40.6,100.0,98.2,92.8,9.9,88.9
206,206,4,4,53.8,79.2,55.7,2.1,88.3,7.1,37.2,77.3,32.7
207,208,4,4,58.6,50.4,39.5,31.2,13.4,10.6,94.6,45.3,50.8
208,209,3,4,32.0,18.6,4.2,99.4,39.7,7.0,77.9,88.4,46.2
209,210,2,4,54.8,71.2,28.0,49.6,9.5,11.1,45.0,16.3,32.1
210,211,1,4,45.7,26.3,37.9,99.9,3.7,1.5,39.1,13.1,23.7
211,212,3,4,43.1,24.5,24.6,52.2,67.6,33.7,92.3,32.5,90.0
212,213,4,4,39.8,33.1,8.1,59.9,97.9,20.7,83.4,19.0,89.4
213,214,3,4,45.0,24.6,12.8,38.8,100.0,37.6,79.5,59.1,96.0
214,215,3,4,51.5,74.0,33.4,20.3,16.3,13.9,58.7,42.4,83.8
215,215,4,4,46.7,42.3,62.9,32.1,17.8,10.3,98.3,44.5,60.6
216,217,3,4,23.6,19.8,8.0,77.7,92.6,95.0,78.6,19.6,78.4
217,218,4,4,48.6,29.4,32.5,55.0,20.9,16.2,92.3,41.2,54.4
218,219,3,4,32.9,62.7,51.1,52.7,19.6,19.2,53.7,58.3,38.8
219,219,4,3,71.0,89.9,5.4,3.4,5.6,1.4,65.9,42.6,53.1
220,221,4,4,39.4,17.8,21.3,63.7,67.3,47.4,89.0,45.1,50.8
221,222,3,4,46.0,30.7,87.1,20.5,76.1,26.2,93.8,30.9,33.0
222,222,3,4,34.0,51.1,9.0,90.2,1.1,1.1,69.3,33.0,44.3
223,224,3,4,25.8,27.7,3.2,94.9,27.2,48.8,87.1,19.6,74.5
224,224,3,4,29.7,55.3,23.8,32.4,87.1,68.6,87.1,23.2,93.8
225,224,3,4,28.4,18.8,36.8,61.0,100.0,54.2,79.8,51.8,51.2
226,227,2,4,42.4,63.2,20.3,70.3,3.9,1.6,37.5,27.0,44.6
227,227,3,4,52.8,24.1,62.7,17.2,44.3,38.9,94.7,35.4,83.2
228,229,4,4,68.2,35.9,31.7,7.5,18.7,3.0,79.6,93.6,73.2
229,230,3,4,23.0,27.8,13.2,62.8,99.4,100.0,80.5,38.2,52.5
230,230,4,4,33.3,34.5,3.0,49.9,98.7,84.4,87.5,65.5,25.2
231,232,4,4,71.8,40.3,14.7,24.3,10.7,2.7,85.4,25.1,65.9
232,233,2,4,20.7,32.0,43.3,61.3,100.0,90.4,87.6,20.0,13.8
233,234,3,4,36.3,42.5,80.3,28.5,35.8,27.6,93.8,8.8,75.8
234,235,2,4,19.1,11.7,12.4,84.7,99.0,56.9,55.1,46.4,89.5
235,236,4,4,58.9,27.3,8.5,45.7,9.2,11.1,94.9,18.8,87.7
236,236,3,4,30.5,28.8,32.7,32.0,94.5,92.6,88.5,22.2,96.5
237,236,2,4,22.6,20.8,99.1,33.6,63.9,93.8,64.3,40.4,63.7
238,239,4,4,54.4,73.5,57.6,1.7,40.3,4.1,38.1,69.0,26.8
239,239,2,4,30.1,14.0,48.0,27.4,98.5,95.2,85.1,49.2,91.4
240,241,4,4,40.2,52.1,3.1,51.6,4.9,41.0,81.4,30.6,77.9
241,241,3,4,20.0,35.9,6.7,70.0,60.3,81.4,65.9,44.4,71.8
242,243,2,4,22.8,31.0,65.8,60.6,9.2,40.9,42.5,68.8,71.2
243,244,3,4,42.8,21.4,10.1,32.1,100.0,31.0,70.7,71.6,91.4
244,245,3,4,11.9,10.5,9.8,99.1,100.0,99.9,57.0,50.3,7.7
245,246,4,4,45.6,49.1,32.2,8.0,25.0,50.5,96.3,65.5,77.4
246,246,3,4,22.6,10.4,15.5,56.8,99.6,84.9,84.7,39.9,97.7
247,248,3,4,24.4,21.8,100.0,53.0,30.1,36.0,78.6,34.7,24.5
248,249,3,3,30.6,68.0,49.6,14.7,24.8,73.8,63.6,75.8,42.3
249,250,2,4,28.6,29.5,48.5,28.9,63.2,37.0,73.1,97.0,80.5
250,251,1,4,27.0,81.0,71.5,10.1,64.8,99.6,41.4,4.2,22.2
251,252,4,4,27.1,21.1,33.7,99.8,8.0,5.0,68.6,28.3,14.6
252,252,2,4,18.2,12.0,60.0,61.4,98.9,100.0,37.0,15.7,54.4
253,252,3,4,46.4,27.1,76.4,16.2,49.7,22.4,95.1,40.3,32.1
254,255,3,4,27.0,13.7,8.4,62.5,99.8,38.5,92.1,17.9,96.4
255,256,3,4,43.2,72.7,55.8,2.6,94.4,3.8,26.3,49.2,37.6
256,256,2,4,17.8,27.1,17.6,65.2,100.0,98.1,75.4,26.3,25.7
257,258,4,4,50.0,53.6,46.4,5.5,10.5,8.4,84.1,60.0,69.8
258,259,2,4,17.2,15.4,82.3,61.6,35.7,71.7,55.6,29.3,53.1
259,260,4,4,44.0,20.7,10.7,36.5,9.0,39.4,98.2,94.0,70.9
260,523,1,3,20.1,19.9,33.5,2.7,100.0,100.0,14.0,17.4,1.6
261,261,3,4,34.7,27.3,10.4,31.4,100.0,27.7,63.0,82.3,91.1
262,263,2,4,36.9,56.9,14.0,73.3,2.6,1.1,38.8,19.6,22.0
263,264,4,4,33.2,25.2,22.3,30.4,75.1,9.3,94.4,89.4,85.8
264,265,2,4,27.0,65.1,78.1,3.6,89.1,95.8,37.6,10.2,27.9
265,265,2,4,31.7,29.4,12.1,67.1,75.6,24.5,74.0,16.4,27.9
266,267,3,4,24.1,11.3,37.5,48.1,94.4,32.0,94.6,44.8,74.8
267,267,3,4,26.5,42.1,8.9,30.5,75.1,5.8,96.8,98.9,84.8
268,269,3,4,17.2,13.5,38.8,99.5,24.8,25.4,65.2,32.4,16.9
269,269,1,4,19.5,28.1,38.5,79.0,83.9,20.1,63.9,4.1,18.4
270,271,3,4,33.9,10.3,24.2,92.6,6.6,21.3,70.8,10.5,19.7
271,272,3,4,28.0,14.1,27.0,66.0,81.3,18.6,93.9,19.6,39.8
272,273,3,4,30.1,35.1,22.1,28.5,89.0,52.1,69.1,34.0,91.0
273,273,3,4,26.2,30.3,63.2,13.2,95.2,43.2,81.3,46.6,85.9
274,275,3,4,19.4,16.7,12.9,53.5,99.9,74.6,77.4,30.1,87.9
275,275,3,4,38.2,17.2,10.0,48.8,61.0,25.3,79.8,30.6,83.4
276,275,3,4,35.0,12.7,96.3,31.3,9.5,13.5,91.7,42.6,53.5
277,278,4,4,41.3,17.9,10.8,59.6,6.6,19.8,95.1,39.1,53.1
278,278,3,4,23.3,13.7,76.1,18.2,93.6,58.2,93.1,51.8,72.1
279,280,1,4,13.6,13.5,87.9,98.1,29.3,9.6,24.8,3.3,16.1
280,281,3,4,32.8,18.2,79.3,19.4,53.2,23.8,77.8,94.6,34.2
281,281,3,4,25.9,30.0,16.7,31.8,93.0,64.0,85.0,33.6,88.6
282,283,4,4,65.6,33.3,4.6,2.9,34.3,46.5,70.3,74.8,23.7
283,284,2,4,9.3,2.5,89.7,98.8,37.5,1.4,48.3,1.6,31.6
284,285,3,4,31.2,70.2,9.0,22.3,12.0,18.3,74.7,77.5,69.5
285,285,3,4,33.5,56.3,49.5,4.1,64.8,52.3,66.3,20.7,68.3
286,285,3,4,35.2,30.4,15.7,29.3,35.9,30.1,90.8,56.8,91.9
287,285,3,4,19.8,13.7,30.8,43.4,80.0,95.3,88.8,22.7,75.0
288,285,4,4,52.8,17.0,6.4,39.6,6.5,6.8,85.5,44.1,74.8
289,285,3,4,19.7,17.9,22.8,55.2,97.1,87.1,86.4,20.4,28.4
290,291,3,4,13.9,11.4,12.4,86.5,94.9,77.3,66.1,13.9,15.4
291,291,3,4,31.6,8.3,64.9,28.3,93.3,16.9,90.7,63.9,33.6
292,293,4,4,37.3,22.2,44.4,38.8,31.6,15.1,94.1,37.1,40.4
293,293,2,4,16.0,7.4,22.1,59.8,79.9,89.7,80.0,15.9,85.6
294,295,4,4,19.0,39.4,14.0,89.5,3.9,3.8,80.5,26.4,18.2
295,296,3,4,26.1,35.8,3.5,61.9,19.7,8.0,94.8,85.2,22.0
296,297,3,4,37.3,27.3,55.8,29.1,6.1,11.3,81.6,77.9,35.4
297,298,3,4,36.2,51.9,99.9,1.4,65.6,70.0,15.2,7.7,6.8
298,298,3,4,23.1,43.1,25.1,27.9,71.0,59.6,82.3,8.3,91.8
299,300,4,4,20.4,28.2,7.9,99.9,5.2,2.7,79.4,17.6,15.0
300,301,3,4,29.3,41.9,63.0,14.0,28.0,37.3,62.5,90.9,37.0
301,302,4,4,23.2,24.3,43.4,82.0,5.7,6.7,68.6,14.3,10.1
302,302,4,4,27.8,6.2,9.2,87.0,12.0,35.2,99.2,15.2,18.4
303,304,3,4,18.5,26.6,37.9,45.4,81.9,32.6,84.6,42.4,41.0
304,304,4,4,61.9,23.3,13.7,7.8,7.6,1.5,79.7,81.4,59.6
305,306,3,4,19.9,20.8,25.5,53.2,77.3,14.9,92.1,23.3,75.6
306,307,4,4,37.5,22.3,17.3,40.7,43.9,58.7,84.1,11.2,36.0
307,308,4,3,37.1,79.1,57.0,1.5,58.0,6.7,40.3,18.9,16.3
308,309,4,4,43.2,33.2,24.4,15.9,37.4,24.1,90.4,20.2,75.0
309,309,3,3,20.3,7.8,73.1,9.3,100.0,100.0,71.5,55.8,61.6
310,311,4,4,26.7,25.4,9.8,63.4,55.0,17.0,78.1,21.5,35.7
311,312,4,4,37.8,46.4,65.1,5.5,5.7,15.4,88.6,51.3,35.4
312,312,3,4,17.7,17.9,40.3,24.9,96.5,51.4,98.0,63.1,65.6
313,314,3,4,23.1,33.0,6.8,55.2,36.0,46.8,70.4,21.7,65.3
314,315,2,4,17.3,42.4,3.2,93.6,7.0,1.9,65.0,21.0,3.4
315,316,3,4,24.4,48.7,92.0,2.1,8.0,92.2,89.7,10.0,24.0
316,316,4,4,16.6,35.5,16.7,88.2,8.2,3.1,64.1,20.7,19.7
317,316,3,4,25.8,25.2,60.8,29.2,22.3,18.4,70.1,60.2,68.9
318,319,3,4,24.0,11.4,6.2,36.6,97.0,83.9,76.8,22.8,89.8
319,320,4,4,36.1,17.5,38.3,34.9,32.2,4.9,86.3,31.6,62.8
320,321,3,4,34.4,62.0,92.6,1.4,68.7,8.2,22.8,5.5,10.5
321,321,3,4,21.3,44.9,4.6,76.0,1.3,4.6,72.7,39.6,5.0
322,321,4,4,31.3,56.5,16.7,11.4,3.2,32.1,81.1,60.7,86.3
323,324,3,4,19.0,29.5,50.0,39.3,66.7,16.9,81.6,43.8,27.9
324,324,3,4,20.2,15.9,22.3,49.3,85.5,24.1,81.1,21.3,73.2
325,326,1,4,10.5,11.8,84.1,99.9,6.6,3.3,12.3,2.7,3.1
326,326,3,4,27.0,67.2,9.7,17.0,8.3,19.8,76.1,69.1,70.3
327,328,3,4,23.2,37.1,82.1,15.1,14.3,53.4,54.5,13.8,80.5
328,328,4,4,36.2,28.1,46.3,12.8,18.0,28.2,78.0,25.7,95.4
329,328,3,4,38.1,35.3,4.3,25.9,1.3,1.5,75.1,96.0,70.6
330,331,4,4,31.8,28.8,46.4,49.5,2.2,3.6,77.4,21.4,15.9
331,501,1,4,15.9,24.6,14.9,16.7,100.0,99.8,27.3,8.3,1.5
332,332,3,4,17.2,7.2,15.2,58.7,66.8,32.2,87.9,19.2,91.4
333,334,4,4,44.7,14.3,7.9,41.7,20.2,35.1,94.9,20.7,21.5
334,335,2,4,19.4,29.0,6.8,93.8,1.3,2.0,44.3,6.4,37.9
335,336,3,4,13.5,5.6,7.2,51.8,97.2,88.8,80.8,7.4,87.4
336,336,2,4,6.4,9.4,9.5,97.6,56.8,28.5,55.6,7.9,55.8
337,336,4,4,20.4,12.3,10.3,98.5,7.1,4.9,71.3,12.9,11.0
338,336,4,3,36.3,65.3,31.1,1.9,1.6,1.1,60.9,65.6,67.7
339,340,3,4,11.1,5.3,18.2,57.0,77.3,49.5,82.3,32.1,90.7
340,340,3,4,21.3,12.7,24.9,31.9,99.8,50.9,85.5,15.5,83.6
341,342,3,4,11.1,13.3,7.1,46.5,99.1,99.8,77.9,19.9,71.2
342,342,2,4,11.5,33.6,5.1,99.9,2.9,1.2,61.4,28.2,1.3
343,344,2,4,18.8,32.0,6.4,97.6,2.3,1.2,51.2,4.9,2.2
344,344,3,4,16.9,7.7,53.5,45.7,23.5,38.1,60.2,56.1,81.0
345,344,2,4,15.1,13.5,25.3,59.4,65.3,8.6,89.4,21.7,68.6
346,347,3,4,14.7,32.5,10.5,55.1,98.4,60.6,56.8,14.3,15.2
347,347,4,4,36.6,19.7,4.2,65.1,2.2,1.1,92.5,7.3,20.1
348,349,3,4,17.0,7.7,3.9,62.5,94.7,40.9,54.2,11.3,82.9
349,350,4,4,45.8,41.0,8.8,3.0,2.9,7.2,86.4,95.5,47.2
350,350,3,4,16.8,34.8,81.1,2.8,52.7,97.2,31.4,97.7,7.2
351,352,3,4,20.8,21.3,5.6,31.2,95.8,98.9,66.4,54.8,23.2
352,353,3,4,20.4,71.6,68.8,14.5,4.3,4.0,73.6,2.8,44.9
353,354,4,4,23.9,48.8,4.0,15.5,33.3,8.2,98.1,80.1,79.6
354,355,4,4,33.4,23.6,23.3,29.1,36.3,10.8,86.6,56.8,32.7
355,355,3,4,29.4,10.8,10.3,49.8,8.1,22.9,91.2,31.1,75.8
357,358,2,4,22.9,10.5,93.7,10.8,48.6,15.1,88.8,85.7,18.0
358,359,1,4,13.8,9.0,38.6,100.0,18.6,8.8,27.0,2.2,9.9
359,359,3,4,48.4,61.6,33.2,1.6,4.0,1.3,38.1,33.0,29.6
360,359,3,4,13.9,5.6,11.1,90.6,4.2,15.3,89.0,2.7,57.7
361,362,2,4,18.6,17.1,55.6,21.9,100.0,3.2,78.8,51.5,55.4
362,362,4,4,23.6,16.2,19.0,72.2,5.1,3.1,62.6,46.0,15.4
363,362,4,4,22.7,18.6,3.9,22.6,53.1,78.7,65.5,76.3,86.5
364,365,3,4,36.3,30.5,59.4,4.6,4.9,38.9,83.9,71.7,3.2
365,365,3,4,38.5,28.3,31.1,23.3,8.0,19.3,83.8,30.5,34.8
366,367,3,4,31.6,22.8,64.5,10.0,30.5,4.5,82.0,35.8,66.8
367,368,3,4,44.1,21.8,81.1,4.7,4.9,4.2,57.2,9.8,57.7
368,368,4,3,32.9,46.7,19.5,3.5,21.2,43.5,67.0,82.1,39.5
369,368,4,4,20.6,26.8,3.0,79.1,2.0,2.0,86.2,23.1,4.7
370,371,3,4,25.2,28.8,27.3,27.5,24.6,34.4,79.5,74.5,27.3
371,371,1,4,8.2,5.0,31.8,52.1,100.0,96.3,20.2,40.0,48.9
372,371,3,4,31.8,27.7,38.9,16.7,10.1,19.8,85.3,26.3,82.5
373,371,4,4,41.5,7.2,3.2,33.3,4.1,5.3,87.5,51.7,83.6
374,375,4,4,34.6,8.4,4.4,46.6,7.3,12.3,88.5,30.3,74.5
375,375,3,4,27.8,12.1,52.3,29.3,33.2,4.4,86.3,39.9,52.5
376,377,4,4,18.5,9.8,25.4,82.9,12.3,2.7,51.1,37.9,11.5
377,377,3,3,45.3,56.6,26.3,1.6,3.4,2.5,42.2,78.3,11.3
378,377,3,4,36.6,22.5,54.7,17.3,12.4,19.3,66.9,9.8,63.4
380,380,3,4,15.4,10.0,14.6,45.7,95.1,49.8,78.8,34.0,40.4
381,382,3,4,40.4,15.1,8.6,38.8,5.9,4.2,88.3,15.0,56.7
382,383,3,4,10.0,12.0,5.5,100.0,,1.3,89.2,5.9,24.7
383,384,4,4,19.9,14.2,4.8,31.0,100.0,45.5,87.4,8.9,89.2
384,385,4,4,12.1,6.6,20.0,97.8,10.7,4.6,51.3,27.3,7.3
385,385,1,4,20.2,8.8,92.9,9.9,100.0,46.5,35.4,56.5,12.7
386,387,3,3,28.4,40.7,93.0,1.3,3.8,59.3,36.4,38.2,1.0
387,388,3,4,28.7,21.8,15.9,23.9,25.3,57.0,86.3,48.7,38.2
388,389,1,4,3.3,1.8,94.4,88.5,4.4,4.3,39.2,2.1,1.2
389,389,2,4,10.0,4.7,4.5,75.0,93.8,20.0,73.4,42.1,5.8
390,389,4,4,26.4,26.2,18.9,28.4,71.8,16.5,82.6,24.0,34.8
391,392,2,4,27.6,37.9,43.5,29.4,19.7,25.5,29.8,19.9,38.8
392,393,4,4,26.7,33.2,2.1,31.0,9.9,15.9,86.6,85.8,29.3
393,393,3,4,17.7,5.9,7.4,65.3,53.4,7.0,64.5,6.1,83.6
394,393,3,4,31.3,15.4,9.0,47.2,9.6,30.8,69.1,6.3,57.7
395,396,4,4,19.2,11.8,15.4,24.6,51.6,96.4,67.3,44.0,72.3
396,396,4,4,20.3,8.8,2.5,53.4,48.8,39.3,87.3,16.2,53.5
397,396,3,4,10.8,16.1,11.9,76.9,23.8,31.2,64.1,1.8,45.9
398,396,3,4,17.0,11.8,9.6,38.0,50.3,53.0,94.6,23.6,81.2
399,396,2,4,8.8,5.7,4.8,73.1,84.1,23.0,81.0,8.6,43.0
400,401,3,4,23.6,11.4,95.6,2.4,10.2,95.7,88.3,15.4,22.2
401,401,2,4,24.3,54.6,19.1,32.4,24.7,13.0,51.6,6.8,34.8
402,403,2,4,5.2,20.5,4.6,100.0,24.6,2.8,70.2,5.8,1.6
403,403,2,4,14.3,7.7,2.4,51.2,79.6,69.4,63.1,5.6,70.9
404,405,2,4,7.4,28.7,33.7,60.6,29.2,58.3,59.5,14.4,2.4
405,405,2,4,27.8,43.4,88.1,1.2,66.7,16.9,15.0,23.6,3.8
406,405,1,4,6.1,4.6,73.5,40.7,100.0,100.0,39.3,2.1,1.1
407,408,2,4,10.0,3.6,15.6,57.1,97.7,99.5,55.5,8.8,7.7
408,408,4,4,23.5,31.7,9.5,13.8,27.6,66.7,80.2,36.0,79.1
409,410,4,4,24.0,38.4,84.8,1.8,6.6,13.5,83.6,13.0,44.6
410,410,2,4,32.1,31.1,35.5,5.2,97.0,3.8,29.4,75.6,14.6
411,412,3,4,19.3,11.2,10.6,21.7,100.0,99.8,52.6,12.4,72.6
412,413,2,4,14.7,15.7,98.9,11.1,81.8,59.7,59.9,11.9,2.8
413,413,1,3,3.1,2.8,65.3,91.6,31.4,13.5,6.6,3.0,15.8
414,415,4,4,15.8,11.4,3.3,17.5,87.4,92.3,73.8,43.6,89.8
415,416,3,3,30.7,37.6,13.7,7.0,67.5,67.4,68.4,20.5,13.2
416,416,3,4,23.9,24.8,52.0,20.1,74.2,4.3,59.1,35.3,15.0
417,418,3,3,18.4,13.7,30.8,14.0,91.1,89.4,75.2,7.4,55.4
418,418,3,3,24.9,65.3,4.1,10.7,10.7,2.6,46.8,84.9,46.2
419,420,3,4,22.0,42.4,80.6,3.6,19.9,50.2,59.4,15.6,5.8
420,421,3,3,20.1,26.0,25.8,10.7,75.0,22.6,75.4,35.3,82.5
421,421,3,3,18.3,25.5,15.7,23.0,87.1,30.8,72.5,8.0,76.4
422,423,3,4,12.5,18.5,9.0,34.4,94.2,53.8,79.2,19.6,46.9
423,423,3,4,19.2,8.1,26.0,23.8,55.8,41.6,80.2,36.4,78.4
424,425,2,4,13.9,54.7,24.3,41.6,19.8,20.6,21.3,22.5,31.3
425,426,3,4,23.5,46.9,71.4,1.8,53.2,3.6,19.1,33.9,35.1
426,426,3,4,21.2,32.0,17.9,17.4,46.3,26.9,78.5,14.5,82.1
427,428,3,4,15.8,7.0,5.5,74.4,45.0,9.5,78.5,8.7,8.8
428,428,4,4,13.5,6.6,20.8,82.0,14.4,3.4,69.2,5.0,11.6
429,430,3,4,11.8,4.2,10.2,99.4,3.1,2.8,56.8,4.9,3.6
430,431,4,4,8.6,4.1,5.5,99.7,6.4,4.0,67.5,14.1,3.9
431,431,2,4,22.0,13.5,99.0,4.2,21.6,91.6,64.1,4.4,1.4
432,431,4,4,44.4,14.1,5.7,26.2,3.1,14.8,96.3,4.9,26.3
433,477,1,4,17.3,42.2,9.6,3.2,100.0,100.0,48.4,9.8,1.4
434,435,2,3,8.1,49.3,46.5,2.2,95.2,100.0,3.5,65.6,4.6
435,436,3,4,7.8,14.0,2.7,98.7,12.0,1.5,53.4,5.3,1.6
436,436,2,4,8.0,4.5,5.2,57.3,85.6,73.9,74.9,14.8,11.3
437,436,3,4,26.5,16.3,36.1,19.7,5.5,25.0,84.9,11.7,76.1
438,439,3,3,19.1,23.5,74.7,3.3,12.4,13.6,75.5,83.7,27.1
440,440,3,4,21.7,7.4,8.3,64.6,6.2,12.6,82.7,13.5,15.4
441,442,3,4,18.3,20.4,60.9,17.1,18.5,3.7,78.4,22.2,70.9
442,442,2,4,24.7,18.4,91.0,9.5,6.3,57.0,56.5,5.8,5.3
443,442,3,4,24.2,35.5,27.6,19.2,15.5,7.1,60.5,32.3,54.8
444,445,2,4,14.4,6.5,17.5,46.9,36.7,16.0,76.0,6.7,88.9
445,445,3,4,12.7,5.9,1.9,79.3,14.2,18.8,83.9,10.5,11.0
446,445,4,4,35.6,11.0,12.0,19.9,2.1,24.3,89.3,8.4,79.3
447,448,4,4,9.6,3.8,18.1,88.1,11.5,2.9,55.9,14.4,8.0
448,448,4,4,7.9,10.3,15.2,90.6,4.6,1.8,46.5,23.1,2.7
449,448,4,4,18.6,3.4,8.5,57.2,22.8,29.9,99.5,13.1,17.3
450,451,4,4,5.3,5.0,8.2,99.1,3.2,2.5,73.3,7.2,2.3
451,452,3,4,12.1,7.8,41.5,72.1,7.0,4.5,51.2,12.8,4.3
452,452,2,4,34.7,20.5,62.9,5.4,14.5,25.2,23.3,17.3,49.8
453,452,3,4,14.4,12.6,86.7,9.2,60.3,7.2,84.6,28.2,32.4
454,452,2,4,11.2,9.4,9.3,30.3,76.9,81.3,61.6,15.8,76.1
455,456,2,4,16.6,23.6,94.6,12.0,31.1,45.5,41.7,17.6,1.0
456,456,3,4,19.9,11.6,71.8,15.2,51.1,21.8,78.0,9.0,26.3
457,456,4,4,39.1,10.3,5.1,20.7,34.2,35.9,90.7,20.4,5.4
458,456,3,4,12.8,12.8,5.0,50.1,46.4,14.3,65.2,11.2,82.9
459,460,3,4,18.0,7.3,32.2,23.6,34.7,43.5,76.0,21.2,79.1
460,461,3,3,43.4,55.0,7.2,4.2,6.3,2.2,51.1,12.7,11.2
461,462,3,4,21.7,15.4,20.4,33.1,44.5,5.9,84.8,30.8,23.0
462,462,4,4,39.1,12.6,18.4,8.2,3.5,18.9,91.4,16.0,67.4
463,464,3,4,4.4,3.4,3.9,56.4,100.0,100.0,26.2,29.5,11.3
464,465,3,4,28.4,33.2,43.9,11.4,7.0,5.6,55.0,15.0,49.8
465,466,2,4,18.3,10.5,37.8,18.3,85.9,14.5,66.1,13.1,63.1
466,466,3,3,11.0,52.0,8.7,8.1,93.6,43.1,32.6,71.7,20.1
467,466,3,4,18.0,10.7,8.8,33.6,20.1,36.9,68.6,33.3,82.5
468,466,3,4,23.3,20.0,15.5,33.5,47.1,5.0,77.3,8.6,29.6
469,470,3,4,20.7,12.0,9.1,47.9,7.5,12.5,77.3,32.9,31.3
470,471,3,4,14.4,14.5,11.1,51.7,64.0,14.3,64.9,16.3,11.8
471,472,3,4,15.5,5.2,12.7,22.6,99.8,98.6,75.1,14.0,13.2
472,472,2,4,12.8,12.3,75.9,14.3,83.5,33.5,59.7,12.2,13.2
473,474,2,4,8.6,5.8,12.1,43.0,40.7,52.3,75.0,8.1,82.9
474,474,3,4,24.1,12.3,75.9,8.9,13.2,12.9,70.1,6.9,50.8
475,474,3,4,15.8,3.4,18.6,36.5,51.8,21.2,92.9,1.3,67.1
476,434,3,4,18.1,17.3,6.0,22.0,100.0,100.0,84.8,11.2,11.8
477,477,2,4,24.0,52.1,13.3,15.2,61.4,3.7,38.3,19.3,10.6
478,477,1,4,6.1,5.0,27.1,95.6,2.1,1.1,23.6,2.2,4.2
479,477,2,4,14.9,5.7,13.0,27.2,94.1,86.9,73.2,7.2,19.7
480,481,4,4,36.9,6.5,7.9,21.7,17.5,18.2,99.1,15.2,25.5
481,481,3,2,19.9,29.4,99.9,1.1,1.9,6.7,12.5,85.7,1.0
482,481,4,4,10.1,8.2,9.5,76.3,4.9,2.4,77.3,11.0,15.0
483,484,3,4,8.4,2.6,18.9,88.8,3.2,1.5,52.2,4.5,5.8
484,485,1,4,4.6,3.3,35.5,46.8,100.0,100.0,15.4,4.1,1.1
485,485,2,4,26.5,24.9,32.0,22.1,22.7,10.8,35.6,11.4,48.9
486,487,2,4,15.3,53.9,3.0,31.0,42.4,22.7,27.9,34.9,1.5
487,488,3,4,15.2,6.6,29.7,41.7,41.7,12.0,82.9,7.9,30.1
488,489,4,4,7.6,4.6,12.1,81.4,21.3,2.1,59.6,13.6,4.1
489,489,3,4,16.0,31.9,67.8,9.3,14.2,37.8,29.9,13.5,49.5
491,489,4,4,20.3,13.1,50.8,30.5,40.9,5.3,58.7,8.9,10.5
492,489,4,4,41.1,25.8,13.0,16.2,5.9,2.7,70.9,1.5,14.5
493,489,2,4,16.2,11.4,87.7,12.1,44.0,2.6,81.2,10.4,16.3
494,495,1,4,9.0,6.7,29.4,20.9,97.1,97.8,44.0,3.1,49.8
495,495,3,4,11.9,25.3,3.9,49.0,37.7,1.4,83.5,4.4,29.0
496,497,4,4,12.1,46.1,37.4,27.4,11.6,2.1,62.2,23.2,9.1
497,497,2,4,9.2,11.8,98.9,8.1,45.8,89.5,32.9,14.6,1.1
498,497,4,3,35.4,24.3,32.3,1.6,2.4,2.0,45.5,81.6,16.9
499,497,3,4,16.3,9.4,6.6,50.9,47.9,10.4,77.3,3.7,21.3
500,202,1,4,22.7,21.0,80.0,60.7,100.0,78.9,78.8,9.3,61.6
501,501,2,4,6.8,12.5,15.8,72.0,29.7,7.4,30.9,17.7,18.0
502,501,3,4,13.3,4.7,16.2,63.5,24.1,9.0,72.0,9.0,6.8
503,501,3,4,22.3,11.4,57.8,11.5,42.0,15.5,87.0,11.4,16.3
504,501,3,4,12.7,12.4,7.5,19.4,63.7,85.6,73.0,1.3,72.3
505,506,3,4,9.4,7.9,6.6,53.9,30.0,12.6,66.5,16.9,65.3
506,506,3,4,24.9,10.5,22.0,32.7,29.6,6.1,85.8,4.4,19.0
507,508,4,4,28.2,26.1,4.3,15.8,1.7,4.1,90.5,38.3,44.3
508,508,4,4,7.7,3.2,42.1,64.5,11.0,1.4,65.1,15.8,7.4
509,508,2,4,17.1,9.4,14.8,15.1,100.0,98.7,16.9,22.4,39.1
510,511,3,3,22.1,21.2,76.3,6.9,7.0,24.4,31.3,23.0,34.2
511,511,4,4,5.4,22.0,4.9,80.3,,2.4,56.3,5.7,2.4
512,513,3,3,10.5,11.4,89.5,2.6,98.2,19.7,68.3,2.4,18.4
513,513,1,3,20.3,23.0,23.1,27.8,100.0,18.8,23.3,2.8,1.2
514,513,3,4,20.4,10.9,3.3,54.1,3.5,4.3,81.1,11.5,14.8
515,516,3,4,21.4,64.5,24.4,1.8,2.9,2.5,23.0,70.6,15.6
516,516,3,4,8.5,6.8,4.8,49.8,78.5,57.7,64.5,4.7,5.8
517,516,1,3,7.7,19.9,89.1,1.7,95.4,92.9,7.0,4.4,1.1
518,516,3,4,11.1,16.7,66.9,20.5,11.1,25.7,52.0,10.6,60.6
519,516,1,4,19.5,44.6,38.2,19.4,32.0,14.2,25.9,7.2,7.9
520,516,3,3,8.9,4.5,14.3,21.5,63.3,81.5,76.9,20.5,68.0
521,516,4,4,19.6,14.2,95.5,2.1,5.4,25.3,86.6,1.9,12.7
522,625,2,4,17.6,18.4,24.3,8.6,100.0,1.9,50.8,20.9,2.9
523,524,3,4,18.7,16.5,43.5,19.5,10.5,13.7,57.7,13.8,65.0
524,524,2,2,20.9,36.2,79.7,1.9,2.7,7.5,10.2,65.9,1.3
525,526,3,4,17.2,5.7,99.9,8.8,,20.2,94.7,3.9,13.1
526,527,2,4,4.0,6.1,5.7,86.2,35.2,12.8,30.5,4.8,1.7
527,527,3,4,23.5,9.7,74.8,8.4,,14.2,84.3,10.5,21.3
528,527,2,4,10.2,15.7,50.3,25.8,54.8,21.2,75.1,9.0,11.3
529,527,3,4,23.3,51.9,42.6,4.7,2.4,10.3,60.6,9.8,1.4
530,526,4,4,9.9,10.4,16.9,7.1,77.0,99.9,82.6,10.0,64.4
531,531,2,4,5.5,5.9,3.9,95.0,1.4,1.1,24.5,6.5,10.1
532,531,2,4,9.1,7.1,6.8,21.7,68.5,97.6,66.0,34.3,40.7
533,531,4,4,15.7,6.3,50.0,30.5,15.5,10.3,80.5,17.4,24.5
534,534,4,3,40.8,19.2,28.4,1.9,5.3,22.6,55.4,27.3,2.2
535,535,1,4,17.2,73.2,27.1,7.4,12.2,1.8,19.5,37.0,1.1
536,535,3,4,10.9,10.8,11.8,15.8,70.7,56.2,78.4,14.0,75.3
537,535,4,4,31.3,5.5,11.5,17.6,27.1,23.3,92.9,16.7,20.1
538,535,3,4,13.8,7.6,43.7,18.4,37.4,5.2,86.4,4.2,78.6
539,539,1,4,23.5,25.0,39.3,2.0,100.0,46.8,13.3,11.3,1.7
540,539,2,4,14.4,73.0,30.8,2.1,19.8,20.0,7.5,51.9,1.1
541,539,1,4,13.0,39.2,44.0,10.3,35.9,33.2,51.1,3.9,27.3
542,539,2,4,10.3,3.0,7.5,25.4,99.9,38.3,58.3,40.6,51.8
543,539,3,4,26.9,14.6,26.0,6.2,6.9,14.9,80.0,23.4,69.5
544,544,3,4,21.3,5.1,56.1,7.0,4.5,9.0,89.5,10.7,77.1
545,544,2,4,8.3,71.6,38.3,2.2,18.7,5.0,9.0,85.4,7.1
546,547,4,4,5.8,3.2,44.8,63.8,16.7,5.2,53.4,6.6,2.4
547,547,2,4,30.6,19.9,79.0,2.2,26.3,4.1,8.6,15.1,9.5
548,547,3,4,18.8,4.9,12.7,43.7,5.4,9.2,81.2,10.5,39.5
550,547,3,4,3.9,3.9,2.2,36.2,88.7,83.8,51.1,25.8,38.5
551,261,2,4,30.1,38.3,49.8,16.6,100.0,34.2,86.2,82.0,36.6
552,552,3,4,5.9,5.0,3.4,81.7,1.5,6.8,71.8,5.3,1.2
553,554,2,4,5.8,3.3,82.1,15.4,74.2,25.3,69.6,2.4,26.8
554,554,2,4,21.0,30.7,18.8,5.6,38.2,67.7,55.5,4.3,24.5
555,554,2,4,22.0,25.4,38.8,8.2,19.4,79.3,34.1,12.3,5.3
556,554,4,3,23.0,45.6,11.2,2.9,1.6,1.0,52.0,93.7,11.8
557,554,2,4,7.4,5.5,78.5,31.2,39.6,21.0,61.1,2.9,2.1
558,559,3,4,16.0,10.9,74.3,2.9,14.1,84.0,64.7,4.9,11.2
559,559,3,4,8.1,11.3,9.6,11.5,99.8,77.6,73.4,6.8,62.2
560,559,4,3,20.7,12.8,54.7,2.2,100.0,16.0,59.7,6.7,3.1
561,562,4,4,18.1,3.7,7.9,48.3,7.4,12.0,93.7,12.4,11.0
562,562,1,4,15.4,6.3,88.5,9.9,100.0,5.8,15.9,14.7,1.4
563,564,3,4,23.3,22.6,10.7,6.1,5.2,11.0,71.3,60.9,61.9
564,565,3,4,5.7,2.5,8.9,89.3,,,38.7,3.7,2.3
565,565,3,4,14.4,8.1,18.2,29.8,27.4,19.4,88.0,23.3,37.6
566,567,4,3,34.8,17.1,17.3,4.2,4.8,4.2,62.5,19.1,56.1
567,567,4,3,29.0,34.4,10.1,2.2,43.8,29.5,43.7,29.9,5.8
568,567,2,3,9.8,25.4,100.0,1.3,11.3,41.3,5.7,60.0,1.0
569,570,1,4,5.6,9.3,98.4,13.5,23.9,78.4,34.9,4.2,3.4
570,570,3,3,18.5,16.8,37.0,4.8,11.8,41.2,73.1,15.0,61.9
571,570,4,4,15.6,52.2,4.5,11.6,3.2,1.3,62.2,81.4,4.3
572,573,4,4,25.6,18.1,7.2,24.8,10.0,4.2,71.9,18.4,26.8
573,574,4,4,15.3,22.5,11.8,12.6,20.3,12.9,86.7,16.6,81.2
574,574,3,3,17.9,13.9,34.0,3.9,10.6,70.0,76.7,21.4,39.5
575,576,2,4,8.9,8.4,95.1,3.7,10.9,82.8,62.7,2.0,7.1
576,576,2,4,17.5,45.5,56.7,5.1,7.1,19.6,13.8,16.0,17.7
577,576,2,4,4.4,2.8,2.9,46.3,81.1,44.8,44.2,4.8,48.2
578,576,2,4,20.6,57.0,4.7,4.6,36.9,3.9,31.5,53.3,2.0
579,580,2,4,31.0,14.4,10.0,28.9,,1.3,47.4,14.7,19.7
580,580,4,4,5.2,2.7,8.9,52.7,34.0,83.1,52.8,6.5,3.1
581,580,1,4,15.1,18.1,40.2,1.8,97.3,99.4,12.1,4.2,1.2
582,580,1,4,6.9,4.8,11.3,76.5,4.6,7.2,46.6,3.5,1.3
583,580,3,4,17.7,3.4,38.5,28.0,5.1,21.5,98.5,6.0,10.3
584,585,3,4,17.3,48.9,47.8,1.6,47.5,5.3,12.0,13.0,16.1
585,585,2,4,12.3,14.2,10.2,18.8,100.0,58.9,20.8,27.1,26.3
586,587,1,4,4.3,4.6,47.8,28.8,70.4,86.6,26.5,8.4,1.0
587,587,1,4,10.0,14.9,8.1,55.9,33.3,1.7,44.8,2.0,16.3
588,587,4,4,20.6,18.6,9.8,24.4,6.7,4.5,83.7,21.5,30.7
589,587,4,4,30.8,40.4,17.6,2.8,1.7,2.1,68.6,3.6,15.2
590,587,4,4,12.6,10.2,5.5,24.5,24.5,1.6,93.7,71.2,37.9
591,592,4,4,24.0,32.2,11.3,1.9,23.1,7.5,74.2,56.3,9.8
592,592,4,3,10.6,15.1,10.6,5.1,57.1,74.0,84.6,12.0,64.1
593,592,3,4,18.5,7.7,13.1,24.4,46.9,26.4,89.1,1.8,19.9
594,595,2,4,10.5,13.0,95.5,5.4,20.3,36.2,65.3,1.9,1.2
595,596,3,3,24.6,19.4,26.6,2.1,9.1,1.7,41.0,84.6,33.6
596,596,4,4,19.0,41.6,41.4,1.4,34.8,2.2,19.6,33.4,21.3
597,596,3,4,18.4,8.7,41.7,19.1,15.5,3.7,75.6,26.6,20.8
598,596,4,4,19.9,9.2,33.3,5.9,4.2,9.7,84.8,97.6,4.9
599,596,3,4,13.1,15.9,3.4,43.3,9.7,47.4,60.4,4.9,9.5
600,605,3,4,19.6,15.8,5.7,12.7,42.0,8.9,64.6,12.3,74.5
601,605,2,4,12.8,11.0,14.1,35.9,19.2,97.3,18.9,12.2,1.6
602,605,3,4,16.6,8.3,49.8,2.7,100.0,18.0,78.3,2.2,2.3
603,605,3,3,17.9,15.3,5.8,7.6,70.8,99.2,48.2,12.6,6.9
604,605,4,4,11.8,12.6,8.1,10.1,42.9,37.7,91.7,12.3,79.6
605,605,3,3,20.1,37.8,17.1,2.2,26.5,21.8,13.3,91.1,1.6
606,605,2,4,9.7,2.9,20.8,6.8,96.1,93.7,55.5,15.7,39.5
607,605,2,4,8.0,8.4,19.7,56.6,3.7,29.9,25.0,31.4,2.8
608,605,3,4,10.2,5.0,92.2,7.0,4.6,35.9,71.4,29.0,1.2
609,605,3,3,13.9,12.7,2.4,58.7,2.3,3.5,57.0,3.6,1.8
610,605,2,4,8.6,6.1,12.0,47.5,25.2,25.9,76.9,5.0,19.2
611,605,4,4,13.8,9.4,9.7,28.3,30.4,3.2,71.9,17.3,63.1
612,615,2,3,23.1,21.6,19.7,3.7,100.0,23.0,35.1,5.1,3.5
613,615,1,4,9.3,12.5,62.2,1.6,92.0,100.0,6.8,4.0,1.6
614,615,3,4,13.0,29.3,25.7,7.3,14.8,67.3,78.8,12.7,3.3
615,615,3,4,17.7,10.8,44.7,15.6,,8.4,90.0,14.3,23.5
616,615,3,2,5.6,2.1,3.5,26.5,90.1,100.0,55.2,24.1,1.8
617,615,2,4,32.4,16.2,10.8,7.5,12.6,1.6,44.5,68.0,5.4
618,615,2,4,10.6,12.5,90.4,18.9,16.0,13.7,22.9,8.1,8.3
619,615,1,4,5.7,3.7,51.3,11.3,96.0,87.8,35.6,9.2,1.6
620,615,3,4,15.6,7.1,26.5,21.0,15.9,14.9,83.7,8.6,52.1
621,625,2,4,7.5,4.8,18.9,43.2,45.9,22.6,64.5,8.3,6.4
622,625,1,3,10.3,16.9,25.2,1.9,100.0,100.0,4.5,41.3,1.0
623,625,3,2,18.5,28.7,89.5,1.0,12.9,16.2,4.0,3.2,2.6
624,625,2,4,5.7,4.2,4.5,44.2,25.4,55.2,41.3,3.9,63.7
625,625,4,3,28.1,25.3,2.8,3.5,5.3,9.9,68.8,72.8,1.7
626,625,3,4,19.5,37.3,16.3,7.9,6.6,4.9,24.3,81.2,9.7
627,625,2,4,12.8,10.2,31.5,10.8,60.0,18.3,83.3,45.6,1.3
628,625,3,3,9.7,5.8,60.0,5.6,10.6,44.9,77.1,7.7,59.0
629,625,1,2,10.2,9.8,92.8,1.0,35.6,91.9,2.6,7.8,
630,625,4,4,12.9,9.5,8.8,36.3,19.9,22.2,86.7,6.1,15.9
631,625,3,4,11.0,4.3,68.3,8.9,69.3,7.0,78.4,5.6,10.5
632,552,1,4,22.6,15.7,13.4,5.9,100.0,100.0,27.5,5.9,5.2
633,635,2,4,13.7,15.0,68.9,17.9,9.3,24.2,18.8,4.2,23.7
634,635,3,4,21.3,16.2,21.2,16.6,12.5,18.8,50.8,42.2,7.1
635,635,2,4,6.3,4.3,71.6,41.9,5.1,4.5,27.7,2.0,13.2
636,635,3,4,3.4,1.7,8.6,79.7,1.7,2.8,24.1,21.1,1.5
637,635,3,3,12.8,5.5,96.7,1.7,10.8,63.1,41.7,5.1,1.1
638,635,3,4,12.2,14.3,77.2,10.9,9.7,13.7,23.9,13.1,41.4
639,635,2,4,8.9,18.3,48.8,35.3,1.4,2.5,44.2,14.4,1.8
640,635,3,3,9.8,6.0,84.7,9.7,9.9,10.8,75.4,26.0,8.0
641,635,3,3,26.2,22.4,14.8,6.7,10.6,1.7,61.1,12.5,45.9
642,635,3,4,8.1,7.3,8.6,15.1,74.0,85.3,75.4,8.9,21.1
643,645,1,3,17.7,14.8,19.1,3.3,88.5,48.2,28.0,38.2,1.0
644,645,3,3,22.6,52.4,10.0,4.5,1.9,2.5,22.2,47.4,2.7
645,645,4,4,6.9,3.4,11.8,69.7,2.5,1.7,39.6,10.5,2.5
646,645,3,4,22.5,29.4,10.8,7.1,4.0,3.5,72.1,22.2,34.8
647,645,2,4,5.2,4.8,24.3,32.5,47.1,27.8,44.5,29.0,33.3
648,645,2,4,21.5,28.2,22.9,14.4,11.6,10.0,30.4,10.2,27.9
649,645,3,4,14.6,4.2,15.6,33.9,11.7,8.1,81.2,19.3,21.1
650,645,4,3,16.6,55.7,7.8,3.1,28.4,9.6,30.9,3.9,39.5
651,645,4,4,6.6,2.6,15.9,63.0,6.2,2.5,47.4,16.8,2.0
652,645,3,4,5.4,95.6,19.7,1.8,16.1,3.6,16.7,5.2,2.0
653,645,1,4,8.0,11.6,62.2,17.3,18.0,65.0,32.9,4.4,9.1
654,645,3,4,14.3,8.0,37.8,16.5,46.7,3.3,66.5,30.5,12.3
655,645,4,4,19.5,7.3,32.8,19.0,2.4,3.5,90.8,22.8,7.3
656,655,3,3,11.5,21.3,81.2,1.6,32.0,47.9,12.6,1.7,8.1
657,655,3,4,15.2,13.9,29.9,8.5,32.7,17.8,87.3,6.8,33.0
658,655,3,4,24.1,10.8,12.4,17.0,2.6,5.5,78.0,11.3,36.6
659,655,4,4,12.7,11.4,5.0,24.6,23.9,19.8,71.6,50.3,19.7
660,655,4,4,16.3,7.3,23.8,4.1,1.7,3.3,91.6,96.9,27.9
661,665,2,4,9.4,5.9,18.5,20.3,44.6,46.5,65.9,7.1,44.9
662,665,4,4,19.9,35.6,8.9,4.7,6.1,4.4,93.1,22.0,13.2
663,665,3,3,12.8,8.5,56.0,3.5,3.8,22.9,60.2,79.8,5.1
664,665,1,4,5.8,1.5,12.8,42.6,72.3,37.4,49.3,3.4,2.0
665,665,3,3,24.4,17.0,13.4,3.1,22.8,57.1,62.5,23.0,1.2
666,665,3,4,6.9,5.9,2.0,47.8,18.7,49.6,49.7,27.2,1.5
667,665,3,4,7.2,5.9,10.1,28.6,23.9,78.4,74.1,12.1,16.9
668,665,3,4,21.1,23.0,25.3,11.5,8.8,8.4,32.2,28.4,32.1
669,665,3,3,14.2,18.0,45.7,2.0,3.0,8.5,61.0,81.8,8.9
670,665,1,4,11.8,6.5,100.0,17.7,2.4,13.4,21.9,2.0,1.6
671,665,4,3,27.1,13.7,14.2,1.6,7.9,2.3,62.4,87.7,2.6
672,665,3,4,13.6,15.9,29.6,12.0,,43.2,73.1,32.8,16.3
673,665,3,3,8.9,8.9,11.6,25.9,49.8,36.2,80.1,7.3,21.5
674,675,3,2,26.5,22.8,53.8,1.1,37.8,3.7,4.1,12.6,1.7
675,675,3,4,7.8,6.1,7.5,48.1,46.4,2.7,50.1,22.9,4.2
676,675,3,4,19.9,10.9,11.7,10.7,45.4,26.1,63.9,31.9,12.3
677,675,2,1,19.9,16.4,85.2,1.1,19.6,22.6,6.5,3.3,2.7
678,675,3,4,13.1,6.4,80.1,7.4,,8.8,90.0,4.8,6.2
679,675,4,4,32.4,8.9,13.8,7.0,8.0,1.5,64.0,39.7,6.7
680,675,3,4,13.0,5.9,14.6,32.1,13.4,3.6,67.2,22.9,37.3
681,685,3,4,3.5,1.6,14.1,68.5,,,52.4,10.1,2.8
682,685,2,4,13.1,5.1,12.8,12.0,92.0,91.5,25.1,14.4,3.1
683,685,1,4,6.2,4.4,18.2,71.1,1.2,1.5,13.7,2.0,4.3
684,685,3,4,15.6,11.1,61.3,10.6,7.8,6.8,35.3,2.8,48.5
685,685,1,4,6.5,5.3,14.7,31.7,100.0,13.9,54.3,11.0,3.6
686,685,3,4,16.6,14.8,18.9,2.5,94.5,38.4,64.0,2.3,3.1
687,685,3,4,12.3,7.1,29.2,16.9,3.0,5.7,77.2,23.2,61.9
688,685,4,4,6.3,11.6,1.6,61.0,2.5,1.1,66.7,2.4,1.7
689,685,2,4,4.9,8.3,19.9,27.5,61.0,34.1,48.7,17.3,29.0
690,695,4,3,14.1,51.3,24.0,1.4,37.6,15.3,37.4,1.9,1.6
692,695,1,3,6.5,9.6,66.1,41.0,,1.0,14.7,3.5,1.0
693,695,3,4,6.9,5.4,4.6,60.7,1.2,2.2,54.3,14.1,7.9
694,695,3,2,21.0,40.6,27.1,1.1,2.6,1.4,21.5,51.4,1.0
695,695,3,3,17.0,10.6,72.8,1.5,1.8,3.7,17.8,76.5,1.0
696,695,3,3,9.9,20.0,75.4,1.2,17.4,2.5,20.1,68.7,2.0
697,695,3,4,10.5,5.1,95.6,6.0,4.7,1.5,54.0,2.9,30.1
698,695,4,4,28.0,5.3,12.8,10.1,2.2,1.6,80.1,25.9,31.3
699,695,2,4,4.4,2.2,7.4,56.3,2.6,6.3,55.5,3.3,44.9
700,695,3,3,4.7,4.1,4.1,11.7,91.5,100.0,78.2,14.9,5.4
701,695,2,4,13.6,3.5,9.7,40.4,2.9,10.8,61.0,9.3,27.9
702,705,3,4,4.5,1.8,19.0,67.1,2.5,1.7,37.2,2.4,1.3
703,705,3,3,7.9,10.5,83.6,9.7,9.0,23.8,36.5,4.8,20.8
704,705,2,3,13.5,20.3,29.1,3.7,73.3,19.6,36.5,19.9,19.5
705,705,2,4,4.1,2.8,9.1,71.0,,1.8,34.5,3.0,5.2
706,705,2,4,2.6,4.0,5.2,41.7,53.2,96.4,18.0,7.8,1.3
707,705,3,4,18.9,36.6,27.0,2.2,1.5,3.9,40.3,45.5,1.6
708,705,3,4,10.6,5.8,16.9,30.4,21.5,7.1,73.1,7.2,33.0
709,705,3,4,10.2,9.8,15.6,31.1,21.8,5.7,69.3,22.3,17.7
710,715,1,3,16.7,8.4,31.7,3.8,100.0,42.7,9.3,12.7,2.5
711,715,2,4,16.2,29.3,32.9,4.3,8.0,19.4,30.6,40.5,4.8
712,715,4,4,11.7,30.5,13.4,18.2,1.5,1.4,88.3,6.1,14.6
713,715,3,4,10.4,6.7,9.4,10.8,29.0,73.5,75.8,3.9,49.5
714,715,3,4,5.3,4.8,5.6,8.0,74.2,97.5,62.8,6.4,41.4
715,715,2,4,9.9,6.5,13.9,11.0,100.0,98.9,15.6,3.7,3.8
716,715,3,4,5.0,1.9,7.5,67.6,,1.5,48.2,1.4,2.2
717,715,3,4,14.0,19.1,49.8,2.3,3.0,16.2,51.9,38.5,11.6
718,715,2,3,8.2,16.4,50.7,2.4,91.3,25.8,13.1,33.4,1.4
719,715,2,4,6.2,9.0,74.2,13.8,7.9,43.1,44.7,9.2,2.2
720,715,3,4,5.0,6.4,5.2,51.7,9.9,1.4,90.7,4.7,3.8
721,715,1,4,6.5,2.1,100.0,12.4,,,76.7,3.2,1.7
722,715,2,4,9.1,28.8,2.8,30.9,2.0,2.0,18.3,81.4,1.7
723,725,2,4,9.4,4.8,53.1,11.6,18.0,75.1,32.3,16.5,1.1
724,725,3,4,15.6,25.7,13.7,8.5,2.8,14.8,56.6,33.2,26.0
725,725,4,3,19.2,41.7,19.3,1.5,27.9,3.0,27.4,14.6,9.7
726,725,3,4,8.1,4.5,22.4,28.7,12.6,23.8,73.4,25.1,8.3
727,725,1,4,3.8,2.6,23.1,17.6,100.0,98.3,15.9,3.3,1.0
728,725,2,4,17.8,5.9,9.1,40.6,,1.0,32.5,14.9,13.4
729,725,3,4,7.0,8.1,61.8,17.1,9.5,17.7,46.8,9.0,28.4
730,725,4,4,8.1,2.5,25.2,45.2,2.3,1.5,64.0,4.4,7.6
731,725,3,3,5.3,5.3,8.1,10.6,84.4,99.5,58.3,15.2,4.3
732,725,2,4,11.5,26.8,22.0,3.0,15.7,72.0,29.9,35.0,6.8
733,725,4,4,23.5,5.5,4.8,14.7,14.6,15.8,93.3,4.5,10.9
734,725,3,4,14.9,5.2,11.6,28.3,11.9,11.0,88.1,6.8,6.9
735,725,3,4,8.6,4.0,2.9,49.7,4.0,3.6,53.3,15.2,23.2
736,725,3,3,11.7,4.0,3.6,43.3,7.3,7.9,70.4,14.6,2.6
737,735,3,3,6.4,2.3,15.2,37.9,7.2,19.0,77.5,1.8,31.6
738,735,4,4,15.5,4.1,5.7,18.3,29.3,38.3,78.4,8.9,18.4
739,735,4,4,17.6,8.4,4.6,5.3,2.8,4.0,95.2,96.4,3.7
740,745,2,4,11.7,3.3,87.5,1.4,6.3,60.0,18.8,1.9,10.1
741,745,3,4,11.1,13.5,3.8,15.6,13.2,43.7,67.3,34.3,26.3
742,745,2,2,28.4,50.8,4.3,1.0,3.5,2.7,,18.9,
743,745,1,2,18.6,16.1,79.7,1.1,21.5,3.1,3.0,6.5,
744,745,3,4,10.3,6.0,80.0,6.1,,8.5,69.1,15.3,2.0
745,745,2,4,10.8,5.3,15.8,35.0,22.1,8.6,54.7,4.0,17.7
746,745,4,4,13.7,23.0,2.9,23.6,9.5,4.3,72.2,9.2,12.1
747,745,4,3,9.0,9.0,7.5,11.9,46.9,75.3,76.1,2.1,14.3
748,745,3,3,11.5,6.8,5.7,5.1,77.4,100.0,35.4,21.7,1.7
749,745,3,3,12.6,16.9,64.6,1.4,3.3,55.7,29.4,4.0,4.9
750,745,3,3,6.9,6.1,2.4,34.1,32.7,41.5,44.9,6.4,34.8
751,745,2,4,10.4,16.8,41.8,2.4,26.7,47.8,48.1,21.6,6.7
752,745,2,4,5.1,6.3,100.0,8.6,3.2,10.9,42.8,15.4,1.7
753,755,1,1,15.2,31.0,13.9,1.6,51.0,1.4,7.7,77.1,1.0
754,755,2,4,11.2,18.5,31.1,7.9,3.5,28.6,64.2,23.2,16.1
755,755,3,4,10.9,14.3,55.5,5.5,,24.2,66.4,12.6,7.3
756,755,3,4,10.4,51.5,9.4,10.0,12.5,3.7,20.3,41.0,2.4
757,755,4,4,25.3,7.9,7.1,4.2,10.8,1.5,67.5,29.6,35.1
758,755,2,4,5.9,2.8,10.1,48.4,4.9,6.3,77.7,1.9,6.4
759,755,3,4,17.1,6.5,5.5,21.4,24.7,1.1,56.0,49.8,1.5
760,755,3,4,10.0,43.2,18.0,6.7,1.1,1.8,41.6,47.7,7.5
761,755,2,3,6.1,4.6,31.7,7.2,18.0,19.2,75.9,95.9,1.9
762,755,3,4,8.4,2.3,14.2,36.7,1.3,6.0,75.6,1.6,36.6
763,765,3,4,16.0,9.1,33.3,4.8,7.7,8.3,86.7,7.5,31.6
764,765,2,4,16.9,36.6,13.6,14.9,,1.0,25.1,22.2,1.2
765,765,3,3,16.4,12.7,14.5,2.7,98.0,3.9,59.3,8.7,1.5
766,765,4,4,5.5,3.4,12.4,57.8,5.3,3.0,39.7,1.4,1.6
767,765,4,4,11.0,6.0,19.4,22.9,4.3,12.4,69.0,25.3,22.5
768,765,3,3,8.2,6.1,100.0,3.6,3.4,8.1,45.7,5.6,3.8
769,765,3,4,11.7,17.1,2.7,27.0,1.4,4.8,60.6,3.7,44.9
771,775,3,3,5.8,6.4,6.1,16.4,80.3,47.1,72.6,4.8,5.3
772,775,3,4,16.6,8.5,66.1,8.8,7.5,4.3,28.9,3.8,8.7
773,775,3,4,5.1,1.4,53.6,31.8,1.5,2.7,67.0,1.4,4.0
774,775,1,4,14.9,2.5,100.0,1.7,8.5,16.4,9.6,3.2,1.0
775,775,2,3,6.7,6.4,62.3,2.1,98.9,37.8,6.5,5.7,1.1
776,775,2,3,15.8,28.5,24.2,2.5,7.2,2.7,31.8,41.1,24.5
777,775,3,4,9.4,4.3,26.0,5.1,39.5,7.8,82.1,54.1,16.3
778,775,3,3,10.2,6.8,14.1,13.5,49.8,25.8,45.0,4.5,57.7
779,775,3,3,14.3,11.9,41.4,2.8,9.3,64.3,40.3,4.0,11.3
780,775,3,4,9.1,2.7,4.1,41.6,4.5,4.2,71.0,3.1,22.5
781,785,4,4,15.5,19.5,5.3,4.4,7.8,3.8,80.1,26.7,42.7
782,785,4,4,25.2,18.6,6.5,2.5,4.3,1.3,51.9,18.5,33.9
783,785,3,3,25.5,15.8,5.2,1.3,89.0,2.5,11.8,20.4,1.4
784,785,4,3,10.6,5.0,33.9,1.8,98.3,7.9,68.3,2.4,9.3
785,785,4,3,10.9,10.6,6.2,11.3,36.6,9.6,70.5,13.7,55.4
786,785,2,4,15.2,8.2,41.1,2.6,5.7,92.3,19.6,13.5,1.0
787,785,2,1,9.4,12.7,86.6,1.0,5.4,24.1,2.5,37.4,
788,785,4,4,19.3,4.8,19.2,8.5,4.1,2.2,62.1,17.3,52.1
789,785,3,3,11.5,16.7,5.9,5.3,12.1,5.1,71.5,90.4,9.8
790,785,2,4,7.1,7.0,3.4,37.3,35.0,33.7,43.7,6.1,1.6
792,795,1,4,4.8,3.0,21.6,10.6,100.0,89.0,19.1,4.4,1.1
793,795,3,3,10.4,1.2,73.9,1.2,1.9,3.2,22.7,88.4,1.0
794,795,2,4,6.0,4.4,14.4,26.2,51.6,30.7,62.9,6.9,3.1
795,795,2,4,4.8,6.7,10.2,30.4,31.5,52.9,29.1,5.1,26.5
796,795,3,4,5.3,5.0,57.4,4.3,9.0,63.0,83.6,1.9,1.0
797,795,4,3,29.1,20.8,4.1,4.3,3.7,1.2,48.1,20.4,2.9
798,795,3,4,11.1,9.8,15.3,23.5,12.9,3.3,75.4,13.9,10.1
799,795,3,4,10.5,8.0,43.5,14.9,8.2,4.0,73.1,7.3,11.0
800,795,4,4,12.7,16.1,7.3,18.9,8.9,2.9,76.9,6.1,29.6
801,795,3,4,7.6,3.4,62.1,10.6,13.3,5.4,73.6,19.4,3.1
802,825,2,4,9.6,10.1,9.4,2.7,75.5,100.0,16.9,4.6,1.5
803,825,4,4,23.1,18.3,4.5,2.0,1.7,4.8,76.4,24.3,6.9
804,825,4,3,20.2,16.8,7.8,2.6,2.3,4.6,70.6,53.5,2.9
805,825,2,4,5.9,1.8,3.6,52.5,9.9,3.2,57.1,2.0,1.7
806,825,3,4,7.7,4.9,38.2,33.1,4.7,1.8,31.9,4.2,1.6
807,825,3,2,14.8,26.7,51.0,1.0,2.1,34.1,5.1,5.6,
808,825,3,4,11.0,19.7,8.0,20.4,2.2,2.5,37.6,25.4,30.4
809,825,3,3,5.0,5.0,4.0,11.8,77.5,86.0,60.1,4.9,2.2
810,825,3,4,9.4,15.2,29.6,12.7,5.3,4.0,65.8,3.2,33.3
811,825,4,4,4.2,2.1,6.0,59.7,3.7,1.6,31.6,3.0,2.9
812,825,2,4,7.6,2.5,79.4,1.8,21.8,40.2,35.2,1.9,1.2
813,825,4,4,19.1,28.8,9.1,2.0,2.2,1.1,46.0,6.8,35.7
814,825,3,3,11.7,5.1,37.1,2.3,100.0,2.6,43.5,2.4,1.0
815,825,2,2,16.7,27.9,44.6,1.2,7.1,16.3,3.2,7.7,1.5
816,825,3,3,14.7,7.9,6.8,2.9,20.4,19.4,39.3,93.8,17.1
817,825,3,4,10.0,6.8,8.0,12.3,46.7,22.4,87.7,5.4,13.6
818,825,3,3,3.3,2.9,9.1,4.4,87.1,96.8,47.6,8.5,15.4
819,825,2,4,10.4,7.7,9.2,12.7,87.4,16.7,48.5,9.2,6.4
820,825,3,4,16.2,31.8,37.4,1.5,1.0,2.0,20.4,21.3,4.3
821,825,3,4,5.4,2.7,9.4,50.5,3.2,1.9,51.1,3.0,4.0
822,825,3,3,12.7,8.8,5.2,25.0,14.9,20.7,61.6,4.8,5.1
823,825,3,4,27.0,24.4,4.7,6.6,11.3,1.6,39.9,8.7,1.6
824,825,2,4,10.1,4.9,17.5,17.6,25.3,32.7,27.9,36.9,29.3
825,825,3,4,12.9,8.7,11.6,10.6,5.8,39.3,55.5,42.7,11.6
826,825,2,4,4.5,2.9,98.6,14.1,3.8,22.5,10.5,1.9,6.5
827,825,4,4,8.0,12.0,1.8,26.4,35.4,8.1,57.0,15.1,3.8
828,825,3,4,14.1,16.0,28.1,6.2,22.4,17.1,61.1,6.8,3.7
829,825,3,2,13.1,20.4,50.0,1.1,5.3,3.0,5.8,61.8,1.0
830,825,2,2,18.5,24.3,32.3,1.3,5.4,2.2,5.2,63.6,1.1
831,825,2,3,16.0,8.6,40.1,2.4,53.1,1.9,24.9,13.2,21.5
832,825,3,4,9.1,2.3,3.5,40.9,6.4,5.4,65.9,1.7,11.5
833,825,4,3,19.2,42.4,11.5,1.4,13.7,1.4,19.6,13.1,9.0
834,825,4,4,11.3,4.2,13.2,11.2,35.0,39.4,81.4,12.2,5.9
835,825,3,3,7.3,2.9,84.4,5.2,,13.2,68.8,4.4,3.4
836,825,4,4,13.6,3.3,7.0,12.9,27.6,27.4,95.9,14.8,11.8
837,825,3,3,14.0,30.9,12.4,5.8,12.7,4.9,45.5,3.8,26.5
838,825,1,4,2.7,2.0,98.8,12.9,4.8,3.0,42.6,4.2,2.5
839,825,3,4,13.5,6.7,25.3,7.7,7.3,12.8,71.7,7.6,31.3
840,825,4,4,11.0,16.9,24.6,1.5,2.4,1.1,63.5,72.7,3.1
841,825,3,4,12.4,3.0,4.6,25.0,4.9,2.0,81.6,7.7,25.7
842,825,3,4,7.9,6.1,8.5,14.9,54.8,51.1,72.5,6.1,6.5
843,825,4,4,15.2,19.5,7.1,4.2,2.6,2.0,69.1,53.4,25.7
844,825,2,4,13.2,3.0,14.5,41.5,1.9,2.0,27.0,3.1,1.2
845,825,3,4,18.3,9.4,9.4,18.5,7.6,3.6,53.4,23.3,16.1
846,825,2,4,21.8,6.1,39.5,3.4,18.2,1.2,56.9,1.9,1.0
847,825,3,4,8.6,2.4,5.6,37.1,3.3,1.6,87.4,4.0,19.2
849,825,2,4,5.0,2.3,60.0,33.6,2.0,2.4,28.8,3.8,5.6
850,825,4,4,6.9,2.5,11.5,47.0,,2.5,51.0,5.8,1.5
851,875,3,4,9.6,13.9,41.5,6.5,2.9,5.3,75.6,3.2,1.7
852,875,2,2,5.8,14.6,12.7,1.7,61.5,66.8,30.6,23.5,3.0
853,875,1,3,9.9,15.7,28.6,3.1,39.3,59.7,10.4,4.6,1.8
854,875,3,4,5.1,5.4,8.2,8.1,45.4,47.9,53.4,7.4,41.7
855,875,3,4,9.3,4.7,45.4,12.4,9.0,7.3,28.5,4.7,44.3
856,875,3,4,8.8,7.8,46.3,10.7,7.2,9.2,32.7,5.0,25.7
857,875,1,4,1.3,1.9,13.5,41.8,48.5,15.0,30.6,7.9,1.2
858,875,2,4,3.7,2.5,49.5,5.0,47.2,45.9,46.0,1.5,1.4
859,875,3,4,3.8,1.6,25.5,47.3,2.2,3.1,31.1,3.7,1.1
860,875,3,4,11.3,14.2,4.3,22.4,4.8,10.4,62.3,18.2,7.2
861,875,1,3,14.6,9.3,11.2,4.8,100.0,27.7,9.3,11.0,1.1
862,875,2,4,9.3,3.1,33.6,26.0,3.2,5.2,43.0,1.9,1.6
863,875,3,4,8.2,6.7,10.3,22.1,10.1,4.6,74.9,13.5,10.2
864,875,2,3,9.7,7.7,84.6,1.1,10.0,18.8,2.4,5.8,1.2
865,875,2,2,9.3,7.0,99.8,1.0,,,3.1,24.1,
866,875,2,4,6.2,6.5,55.1,4.1,11.2,32.1,59.1,3.8,1.2
867,875,2,4,6.9,2.3,81.0,6.3,5.8,4.7,49.2,3.0,2.1
868,875,4,4,4.5,1.4,28.5,36.8,,1.4,58.8,3.0,1.6
869,875,4,4,7.4,11.0,4.9,14.9,6.6,2.0,92.9,16.7,28.4
870,875,3,4,8.9,3.7,61.3,7.7,6.1,6.3,52.5,2.9,14.5
871,875,3,3,8.3,8.1,9.2,13.3,49.9,6.1,66.8,17.3,9.4
872,875,2,3,4.7,5.1,59.7,3.0,5.1,65.3,41.7,4.6,1.0
873,875,2,4,5.6,2.2,94.3,6.4,1.9,7.9,31.0,3.3,1.1
874,875,3,4,7.9,7.3,4.1,33.3,1.6,1.6,64.7,19.0,1.5
875,875,1,3,3.4,2.4,88.8,11.7,8.7,21.6,12.3,15.2,1.0
876,875,3,3,12.6,13.1,12.3,3.1,31.8,38.8,43.9,16.2,28.2
877,875,2,4,4.7,4.4,8.8,46.1,5.2,1.8,31.1,3.1,11.8
878,875,2,4,13.8,7.4,12.9,30.5,5.4,7.1,40.4,1.9,1.3
880,875,1,3,11.2,12.4,79.0,1.1,15.8,1.9,3.4,5.7,1.0
881,875,3,3,6.7,2.6,2.6,34.6,2.9,3.6,70.0,4.1,27.3
882,875,4,4,10.4,3.4,7.8,21.4,19.8,15.1,87.3,2.8,7.5
883,875,3,3,6.8,4.2,18.8,16.9,54.7,7.6,43.0,23.4,8.0
884,875,4,3,15.3,7.6,1.8,10.9,32.9,11.0,62.6,21.6,9.9
885,875,3,4,8.1,4.5,5.4,33.9,3.9,7.2,66.0,4.2,13.2
886,875,4,4,12.3,8.5,44.3,7.2,,14.1,66.2,3.8,2.2
887,875,1,1,5.2,4.2,10.6,11.0,100.0,72.0,8.2,10.2,1.0
888,875,3,4,12.0,6.2,34.9,3.9,4.8,2.4,70.6,14.1,25.7
889,875,4,3,11.5,7.6,1.9,5.3,4.5,1.7,72.8,95.4,7.6
890,875,3,3,4.4,3.7,5.9,5.2,62.0,100.0,58.8,10.1,2.1
891,875,3,3,5.9,4.7,7.9,9.9,74.0,47.2,58.5,4.8,10.1
892,875,3,4,4.2,2.0,83.0,5.5,6.1,2.9,58.0,3.6,1.7
893,875,3,4,11.1,2.3,4.4,32.2,2.4,1.9,81.6,4.5,5.7
894,875,4,2,12.8,39.9,12.5,1.3,34.9,5.8,18.1,14.1,2.4
895,875,4,4,10.6,7.2,1.1,7.3,,7.3,91.0,92.8,3.1
896,875,3,4,14.9,12.6,32.1,3.9,5.0,8.4,54.3,12.0,9.3
897,875,4,3,15.3,18.7,7.6,2.4,5.5,1.2,61.0,60.1,6.4
898,875,2,4,8.7,13.8,37.7,7.8,14.7,32.9,41.4,6.9,2.0
899,875,3,4,7.1,8.5,38.8,12.8,9.7,3.2,73.5,8.2,8.5
900,875,3,4,9.7,24.7,4.2,12.2,9.1,18.5,38.9,19.9,35.1
901,925,3,3,8.2,8.9,5.1,12.1,71.0,41.7,33.9,1.7,2.7
902,925,3,4,9.7,5.4,15.2,31.8,4.7,9.6,29.1,9.6,1.2
903,925,3,4,3.2,2.6,10.2,49.3,4.7,1.7,18.7,13.5,1.4
904,925,3,4,11.6,3.0,5.4,23.4,3.5,4.5,71.3,5.7,3.6
905,925,2,4,4.8,34.7,34.9,2.0,11.7,21.7,40.0,2.9,1.1
906,925,4,3,18.6,15.3,6.0,4.4,1.0,3.3,56.0,18.2,20.1
907,925,3,2,7.1,6.6,1.0,46.9,,,5.4,25.9,1.0
908,925,1,4,8.6,15.1,21.4,5.6,65.3,16.3,17.8,8.5,1.5
909,925,4,2,14.8,7.6,17.4,1.5,46.2,4.2,41.9,26.5,1.0
910,925,2,4,10.5,3.9,55.1,12.2,8.1,5.8,31.9,1.8,1.6
911,925,3,3,15.6,24.5,41.3,1.1,13.1,5.2,7.5,7.8,1.0
912,925,1,3,15.1,10.9,10.7,1.7,90.5,19.7,7.1,5.7,1.0
913,925,4,4,9.5,6.7,7.8,12.9,8.6,3.8,52.3,18.8,52.8
914,925,4,3,11.0,4.2,3.4,4.5,9.6,7.5,64.8,98.3,3.5
915,925,3,4,10.9,8.2,42.9,4.4,1.8,7.7,61.2,6.2,16.5
916,925,2,4,4.8,3.7,27.1,28.6,11.4,11.1,52.1,3.1,1.9
917,925,2,4,5.0,2.7,96.7,1.7,3.0,16.6,19.1,1.8,1.0
918,925,3,3,7.6,2.6,53.2,4.9,3.1,5.3,81.3,3.1,1.7
919,925,3,3,13.3,48.1,6.1,2.7,7.9,1.1,24.5,6.6,1.5
921,925,1,4,9.1,25.3,11.9,5.1,47.3,50.0,6.0,5.1,1.2
922,925,2,1,6.1,8.3,2.6,2.5,99.9,99.4,3.7,1.9,1.0
923,925,2,3,3.7,11.5,5.6,5.3,62.6,74.1,35.8,5.6,5.8
924,925,3,4,8.4,4.7,44.1,3.6,4.5,13.4,84.1,4.2,1.6
925,925,1,2,12.5,12.8,64.4,1.2,9.5,2.8,6.4,15.1,1.0
926,925,2,3,5.3,1.4,99.7,1.2,1.1,1.2,17.4,21.8,1.0
927,925,3,3,12.9,42.8,4.9,2.3,3.1,1.4,11.3,44.4,4.8
928,925,3,2,13.0,28.9,36.4,1.1,10.5,1.5,4.3,26.4,1.0
929,925,4,3,26.4,14.0,6.2,1.6,1.4,1.5,44.4,10.1,1.7
930,925,4,2,20.6,22.9,7.9,1.3,,,33.2,38.6,1.1
931,925,2,4,8.4,8.8,74.7,1.7,3.8,2.3,10.0,22.0,1.6
932,925,2,4,13.0,13.6,11.9,6.1,9.3,30.2,27.8,43.2,5.8
933,925,3,4,8.9,5.3,9.4,18.0,2.1,4.8,79.9,3.8,39.8
934,925,2,4,4.6,1.2,5.6,43.6,13.7,10.4,32.4,2.0,2.2
935,925,4,4,17.4,8.0,2.2,12.1,8.5,4.2,62.5,7.1,19.7
936,925,3,4,5.8,4.2,56.0,16.8,,,54.5,1.7,2.0
937,925,2,4,6.8,2.3,5.5,22.6,8.3,6.2,81.4,1.7,29.6
938,925,3,3,3.6,3.6,3.1,6.2,73.1,100.0,33.3,7.6,1.1
939,925,3,3,5.2,1.9,39.4,2.4,100.0,3.0,43.3,2.3,1.5
940,925,3,4,11.5,4.1,39.5,3.4,4.0,11.3,70.9,16.3,1.9
941,925,3,3,8.0,6.6,29.2,6.8,1.8,13.0,61.0,33.4,9.1
942,925,3,4,11.7,2.9,24.5,6.8,1.7,3.9,79.8,3.7,44.9
943,925,4,2,10.0,11.7,20.1,1.8,,,50.1,92.5,1.8
944,925,2,4,6.9,9.9,34.3,21.4,,1.9,42.9,15.3,1.1
945,925,3,3,6.8,3.9,6.4,6.9,36.7,69.8,63.6,9.6,5.8
946,925,3,4,7.1,3.5,62.1,1.2,11.8,26.1,4.3,53.1,1.0
947,925,4,4,18.8,24.6,5.7,2.1,4.2,1.1,45.7,24.9,4.6
948,925,2,4,3.5,5.2,17.4,26.2,42.0,23.5,25.6,8.3,1.9
949,925,3,4,11.7,18.9,33.7,5.3,3.4,5.0,55.5,3.2,1.3
950,925,2,3,7.0,2.9,51.4,1.3,5.1,1.7,20.0,87.4,1.0
951,925,2,4,3.4,2.4,96.2,10.3,5.4,2.4,10.5,3.1,1.0
952,975,2,3,6.2,4.2,88.1,1.0,25.0,4.8,2.9,3.3,1.1
953,975,2,3,7.6,29.3,1.7,20.0,1.6,3.1,14.0,20.9,2.4
954,975,3,4,7.1,7.7,7.6,17.2,27.6,6.0,54.7,16.4,10.9
955,975,3,3,12.9,5.5,41.7,1.4,5.3,2.2,16.7,47.7,1.3
956,975,3,4,12.5,21.8,19.9,2.1,34.7,4.3,10.7,12.9,4.1
957,975,1,4,2.6,2.5,18.9,16.7,13.2,84.7,20.2,13.6,6.5
958,975,3,4,7.3,7.0,12.6,15.2,11.6,5.2,78.5,7.7,12.3
959,975,2,2,13.0,7.7,64.2,1.2,14.4,2.5,2.4,3.5,1.3
960,975,3,4,7.0,6.0,3.5,28.2,1.3,7.1,71.7,5.2,1.7
961,975,3,4,5.3,9.9,39.3,1.6,4.7,19.4,32.4,47.7,5.1
962,975,2,4,2.8,1.8,94.4,6.9,3.8,2.2,5.7,1.7,1.1
963,975,1,4,4.3,3.5,10.0,50.2,1.5,1.0,6.8,2.1,1.9
964,975,1,3,8.8,24.6,39.0,1.3,17.3,12.3,2.7,22.3,
965,975,4,3,17.2,10.7,7.4,4.4,5.3,2.3,50.9,4.4,31.8
966,975,3,4,13.2,6.3,13.3,8.5,9.5,3.2,36.9,2.6,41.0
967,975,2,4,7.1,2.8,55.2,12.6,7.2,3.5,35.1,2.9,8.0
968,975,4,4,14.1,12.0,3.3,2.6,6.7,5.7,74.7,4.4,40.4
969,975,3,3,4.9,3.2,85.3,3.8,4.6,3.1,18.4,5.7,1.8
970,975,3,2,13.1,4.7,20.2,2.1,98.4,4.8,13.1,2.4,1.0
971,975,3,3,17.3,16.2,11.5,1.3,14.2,1.7,27.1,34.0,1.0
972,975,4,3,21.6,5.6,16.4,3.3,5.3,1.9,40.3,3.9,24.2
973,975,1,4,3.5,4.3,5.2,18.3,59.9,73.3,3.3,1.4,1.0
974,975,2,4,6.3,7.7,12.9,12.6,,33.2,54.5,35.5,2.9
975,975,2,2,6.1,13.4,14.1,1.9,22.3,90.8,15.1,11.4,1.1
976,975,2,1,6.7,4.2,59.7,1.1,10.4,64.7,3.9,3.4,1.1
977,975,3,4,5.5,2.6,21.1,7.2,87.1,7.2,60.8,1.9,1.7
978,975,3,3,12.7,19.9,21.9,1.8,34.5,10.8,8.6,11.7,5.2
979,975,3,4,6.6,3.8,67.9,1.9,2.9,25.2,40.1,1.8,1.2
980,975,3,4,4.4,2.6,53.2,13.5,12.7,11.0,28.7,9.0,1.7
981,975,4,4,10.0,20.3,5.3,11.9,5.3,2.5,54.9,10.7,6.7
982,975,3,4,11.1,19.4,12.3,3.3,4.0,3.0,61.4,2.7,19.7
983,975,4,3,23.6,11.3,3.7,2.5,7.8,1.2,45.6,4.6,9.4
985,975,2,3,21.0,25.5,14.2,2.0,3.9,1.8,13.1,10.5,1.1
987,975,2,3,16.4,18.1,8.4,2.8,12.2,2.0,22.6,38.6,1.2
988,975,1,3,7.7,19.7,46.0,2.2,7.5,4.1,13.2,29.8,
989,975,4,2,19.5,7.7,31.2,1.1,,6.4,26.8,10.7,1.0
990,975,3,4,9.8,33.0,3.2,5.0,13.8,1.6,41.6,13.1,7.6
991,975,1,3,12.4,20.8,14.4,2.6,33.1,7.8,4.5,35.6,
993,975,3,4,13.4,4.6,1.7,6.2,25.5,50.2,52.6,6.1,1.8
994,975,2,4,13.1,9.9,27.5,2.7,21.3,38.3,21.1,3.9,2.2
995,975,3,3,9.7,5.1,7.0,2.2,87.0,8.9,36.2,36.3,1.1
996,975,3,3,5.4,4.9,10.9,3.8,35.5,82.0,53.9,2.1,1.5
997,975,3,3,13.1,18.0,2.5,3.2,1.1,1.2,19.3,69.6,16.3
998,975,2,4,5.4,7.4,42.2,7.8,7.7,5.8,32.7,25.6,9.9
999,975,4,3,9.5,2.7,2.9,25.4,3.8,9.1,69.4,9.2,2.3
1000,975,3,3,3.3,2.5,3.9,21.0,7.3,38.3,39.1,4.1,44.6
1001,975,2,4,5.2,2.3,56.0,5.7,21.5,11.4,55.3,1.6,5.7
1002,975,3,4,8.6,5.3,4.1,14.1,25.2,3.7,76.8,21.0,2.2
1003,975,3,3,14.1,20.1,3.1,2.6,7.3,8.8,45.3,33.8,7.5
1004,975,3,4,3.8,2.9,13.4,26.9,34.2,7.5,43.9,2.7,1.6
1005,1100,4,4,13.1,10.3,11.0,1.4,1.4,9.5,58.3,22.6,1.1
1006,1100,3,4,11.1,2.8,16.2,12.1,1.0,1.4,46.0,2.7,13.2
1007,1100,3,4,9.8,10.6,10.7,7.1,3.7,21.1,61.5,4.1,10.8
1008,1100,3,4,5.8,4.7,24.0,5.7,35.5,1.6,39.7,1.7,1.1
1009,1100,3,2,7.7,12.1,7.3,2.3,34.6,24.8,31.8,21.8,1.1
1010,1100,3,4,7.4,8.4,33.0,1.5,6.8,20.4,29.8,11.4,1.6
1011,1100,4,3,11.4,9.8,13.6,2.2,11.8,3.5,56.0,2.5,5.4
1012,1100,3,3,7.3,5.3,29.9,1.1,17.4,2.6,6.6,31.4,
1013,1100,3,3,13.0,14.5,26.1,1.2,14.2,3.4,4.6,38.6,1.9
1014,1100,3,4,13.5,8.0,12.4,9.0,1.2,1.7,56.4,8.8,2.7
1015,1100,3,4,6.1,9.1,11.9,7.5,2.4,3.8,41.8,11.6,4.0
1016,1100,3,4,14.2,3.3,8.0,6.7,20.0,7.0,67.0,2.9,4.9
1017,1100,3,4,7.0,5.1,5.7,15.8,10.8,10.3,44.2,3.9,3.1
1018,1100,3,3,6.2,4.4,7.3,3.2,42.0,73.8,27.2,6.5,1.4
1019,1100,3,3,11.6,27.9,10.0,2.0,2.0,1.4,21.4,3.8,1.1
1020,1100,4,4,7.5,7.0,4.8,10.4,1.3,3.0,52.4,22.2,3.8
1021,1100,3,3,5.1,2.2,4.7,3.7,34.5,87.6,17.7,1.3,1.0
1022,1100,2,3,8.5,4.6,48.4,1.6,6.1,4.4,4.8,2.0,1.1
1023,1100,3,3,6.3,5.3,4.3,15.6,3.9,6.7,15.1,22.4,7.9
1024,1100,2,4,3.8,2.7,34.1,10.3,10.5,7.7,27.4,1.7,15.4
1025,1100,2,4,8.1,9.1,20.9,11.4,6.3,5.4,33.1,23.7,4.3
1026,1100,2,4,10.3,21.6,4.7,3.1,7.3,34.8,19.3,33.5,1.0
1027,1100,3,4,11.0,21.3,21.7,4.7,2.6,3.3,46.5,5.4,1.0
1028,1100,3,3,5.8,4.0,59.2,3.0,4.2,7.1,13.0,2.9,4.1
1029,1100,3,3,10.0,13.6,15.8,3.2,1.3,7.8,68.6,2.1,1.4
1030,1100,2,3,14.3,8.4,22.4,2.6,12.0,1.6,27.5,8.6,22.7
1031,1100,3,3,6.8,8.3,14.8,5.4,6.3,13.9,23.9,29.1,1.4
1032,1100,2,4,4.5,3.4,7.8,18.5,6.2,3.8,37.3,2.3,3.8
1033,1100,4,4,8.8,4.8,12.4,9.2,10.0,15.3,60.9,11.9,22.5
1034,1100,2,4,6.6,2.3,57.9,7.6,4.3,3.3,20.6,1.8,3.1
1035,1100,3,4,5.2,5.4,4.3,6.3,30.1,34.9,37.2,6.8,23.5
1036,1100,2,4,3.5,1.9,85.8,4.7,4.0,3.2,8.7,1.9,1.0
1037,1100,1,4,4.5,4.4,6.6,27.7,3.7,5.1,17.3,6.4,2.2
1038,1100,3,4,5.4,2.4,16.5,28.1,2.3,2.2,32.4,3.8,1.3
1039,1100,4,4,4.1,1.5,7.9,16.5,,,70.7,2.2,2.4
1040,1100,2,3,7.0,9.2,38.9,3.0,1.1,4.1,31.9,18.8,1.1
1041,1100,2,4,6.0,4.9,30.4,3.2,2.2,29.2,53.5,3.6,1.3
1042,1100,3,3,7.1,4.5,22.2,10.0,28.8,6.6,33.6,3.7,6.7
1043,1100,1,2,5.2,11.5,19.4,1.5,76.3,4.5,10.1,12.0,
1044,1100,3,3,7.0,10.7,3.5,8.0,4.2,6.1,50.3,4.3,1.1
1045,1100,3,3,5.5,1.9,6.6,1.5,36.3,100.0,10.3,2.1,1.0
1046,1100,2,2,6.3,4.4,72.8,1.0,2.4,1.5,3.5,1.9,1.0
1047,1100,3,4,4.4,3.3,20.0,26.7,,,44.4,1.4,1.2
1048,1100,2,3,6.1,2.9,63.6,3.5,3.8,2.8,26.6,1.7,1.0
1049,1100,3,3,4.8,4.7,22.2,8.2,4.7,2.6,27.6,2.8,34.5
1050,1100,2,3,14.4,28.2,16.1,1.5,6.0,2.5,13.8,3.4,1.2
1051,1100,3,4,5.5,2.9,6.2,12.7,19.2,6.6,57.1,7.6,2.8
1052,1100,2,4,4.6,5.4,9.6,25.6,7.1,3.5,20.6,1.9,1.1
1053,1100,3,3,4.5,5.9,3.8,7.5,39.1,27.4,24.8,8.5,1.5
1054,1100,3,4,7.9,3.9,41.1,2.0,2.0,22.3,18.1,3.2,1.3
1055,1100,2,4,5.0,3.4,46.2,8.9,3.3,4.0,50.7,3.2,4.0
1056,1100,2,3,5.0,3.0,3.8,3.3,59.5,100.0,16.1,13.5,1.0
1057,1100,3,3,8.5,17.3,23.2,7.0,6.5,3.0,39.5,13.2,1.9
1058,1100,3,4,8.4,13.5,28.4,1.9,1.4,1.2,18.9,15.2,11.5
1059,1100,4,4,8.1,11.4,4.4,2.4,2.9,4.2,45.3,23.9,2.7
1060,1100,3,4,6.2,3.6,7.4,17.4,8.9,3.1,50.6,7.1,4.5
1061,1100,2,4,11.0,15.4,10.9,4.7,28.5,30.3,19.6,3.8,3.7
1062,1100,4,3,5.0,8.4,51.2,1.3,35.7,3.6,14.0,4.2,1.1
1063,1100,2,2,9.1,11.0,11.0,1.8,10.1,32.5,25.7,7.3,1.6
1064,1100,1,4,6.2,8.7,13.9,4.5,14.0,35.3,15.0,47.2,11.8
1065,1100,4,4,5.0,1.8,15.8,26.8,,4.2,53.3,4.4,2.9
1066,1100,2,2,9.6,7.5,12.9,1.3,14.9,6.2,1.0,60.3,1.4
1067,1100,2,4,12.5,24.9,14.5,4.9,4.7,3.5,21.4,2.7,9.9
1068,1100,2,4,6.5,10.6,54.3,1.3,1.7,20.1,11.4,4.0,1.6
1069,1100,1,3,5.1,10.6,44.2,1.2,2.1,1.1,6.3,13.5,1.0
1070,1100,1,3,5.9,14.3,13.8,4.0,75.6,15.7,2.5,27.6,1.0
1071,1100,3,4,5.8,6.2,5.1,13.1,3.0,3.1,55.1,4.6,6.4
1072,1100,3,4,4.0,1.4,48.8,17.2,3.5,2.6,33.9,3.0,1.4
1073,1100,2,4,8.8,10.0,53.8,1.6,18.0,1.2,8.4,3.2,2.3
1074,1100,3,3,8.1,5.5,5.7,10.5,2.4,3.3,41.4,16.9,2.7
1075,1100,3,4,7.8,7.3,6.2,24.1,,1.7,30.9,31.8,2.4
1076,1100,3,4,11.8,2.8,2.9,5.3,5.0,32.2,48.3,2.1,2.8
1077,1100,2,2,10.1,14.8,37.6,1.2,3.8,1.2,1.8,34.1,1.0
1078,1100,3,4,7.8,6.8,31.6,6.3,2.3,5.7,44.9,5.2,1.4
1079,1100,3,4,7.2,10.7,19.2,6.3,4.7,16.1,36.8,9.0,34.5
1080,1100,4,4,4.9,7.6,47.8,1.1,1.8,2.8,17.7,41.8,1.0
1081,1100,2,4,5.4,3.6,46.4,1.8,4.2,46.3,14.6,5.6,1.1
1082,1100,2,4,3.6,3.2,64.1,2.1,21.1,29.3,6.5,8.0,1.1
1083,1100,2,4,4.1,2.2,75.4,2.1,2.2,12.3,17.0,9.1,1.2
1084,1100,4,4,5.4,3.0,3.3,14.3,5.2,3.5,68.7,15.8,9.4
1085,1100,3,3,6.7,8.6,9.5,4.5,33.6,33.1,50.4,8.6,2.2
1086,1100,2,4,3.6,3.2,34.9,11.2,5.5,2.6,24.1,1.8,1.1
1087,1100,2,4,6.8,4.5,18.9,3.8,46.3,31.6,32.6,8.0,1.2
1088,1100,3,4,6.8,3.8,30.3,7.0,2.9,3.3,63.4,9.5,1.4
1089,1100,1,4,8.5,9.0,25.8,7.2,7.1,4.4,29.0,4.9,1.0
1090,1100,2,4,9.1,9.0,38.8,3.8,2.4,6.5,48.3,15.0,1.0
1091,1100,1,4,4.4,5.0,2.2,9.0,100.0,1.7,9.0,53.7,1.0
1092,1100,2,4,5.6,4.7,55.2,5.7,5.5,3.9,11.7,1.8,6.4
1093,1100,2,4,4.9,3.6,29.3,7.2,6.8,8.7,30.2,38.8,2.4
1094,1100,4,4,3.0,1.9,13.3,23.9,1.3,1.7,44.1,10.6,2.3
1095,1100,4,4,8.6,16.0,13.4,4.0,1.5,1.6,56.2,1.8,12.7
1096,1100,2,3,5.8,5.3,35.1,2.5,3.1,40.5,28.9,3.8,7.5
1097,1100,2,2,5.6,8.3,81.9,1.2,2.7,4.3,4.2,1.7,1.0
1098,1100,2,2,9.2,31.2,25.0,1.6,3.4,6.7,7.4,3.9,3.5
1099,1100,4,3,6.1,2.1,4.5,3.6,94.4,2.0,38.6,2.0,1.1
1100,1100,2,4,9.0,4.3,7.9,5.5,43.8,19.4,49.4,31.0,1.0
1101,1100,2,4,7.5,4.4,19.8,5.5,1.5,56.2,37.2,4.5,1.0
1102,1100,2,3,8.4,21.0,21.4,1.4,7.0,1.9,12.4,8.8,1.0
1103,1100,3,4,8.7,12.1,21.3,1.5,35.5,6.5,10.0,5.7,1.5
1104,1100,3,3,9.4,14.6,4.2,3.6,7.2,14.6,39.1,3.6,2.4
1105,1100,2,3,3.2,2.7,5.2,2.6,36.3,96.6,8.4,4.1,1.0
1106,1100,4,4,4.6,5.1,4.5,9.8,1.9,29.6,61.6,8.1,40.4
1107,1100,2,4,4.4,1.8,64.0,5.6,2.5,2.2,18.4,4.1,1.0
1108,1100,2,4,12.8,5.5,32.0,11.4,7.3,4.5,29.5,4.0,1.1
1109,1100,4,3,12.3,7.4,6.9,2.3,7.1,1.9,51.2,2.1,4.0
1110,1100,3,3,13.9,8.0,3.1,7.3,15.6,1.6,45.4,3.5,5.6
1111,1100,2,4,3.7,2.5,80.2,1.4,2.6,1.3,3.8,4.8,1.0
1112,1100,4,3,14.5,8.5,2.3,1.8,2.9,1.1,35.9,13.4,10.6
1113,1100,4,2,19.3,8.2,4.6,1.5,3.0,1.3,16.0,1.8,4.9
1114,1100,3,4,7.9,2.1,16.9,9.7,2.1,5.2,71.6,4.9,8.8
1115,1100,4,3,18.9,7.5,17.1,1.2,2.2,1.1,47.1,5.8,6.0
1116,1100,2,4,10.3,3.0,4.1,9.3,6.0,1.2,53.3,2.3,1.5
1117,1100,2,2,7.9,9.1,44.2,1.9,21.5,7.4,6.9,3.8,1.0
1118,1100,3,2,9.6,26.2,3.8,1.2,3.2,2.1,8.7,20.9,1.0
1119,1100,3,2,14.6,8.5,25.4,1.2,1.3,1.6,15.5,18.8,1.3
1120,1100,3,4,12.5,3.7,20.0,6.5,4.1,1.7,70.7,8.5,5.1
1121,1100,4,3,10.2,6.8,14.4,2.0,1.3,1.5,39.4,62.2,2.3
1122,1100,2,4,10.8,5.6,6.4,6.2,21.4,1.4,35.7,2.1,1.3
1123,1100,2,3,9.6,11.9,10.8,2.9,7.7,1.4,29.6,7.6,21.3
1124,1100,2,2,7.0,28.0,3.0,3.1,9.4,2.2,5.3,16.6,1.5
1125,1100,4,2,18.1,8.2,7.7,1.9,2.1,1.3,20.5,21.4,1.7
1126,1100,3,4,14.7,14.9,8.6,3.7,13.1,2.9,39.6,6.2,2.3
1127,1100,2,3,5.7,6.1,78.6,1.6,3.7,2.5,8.7,9.7,1.0
1128,1100,4,2,12.9,6.1,23.0,1.6,1.8,13.9,27.4,10.3,8.4
1129,1100,4,2,6.1,5.3,31.7,1.1,1.3,1.7,11.8,69.0,1.1
1130,1100,3,2,3.8,1.4,73.8,1.2,,,9.8,1.2,1.0
1131,1100,3,2,5.5,2.5,76.8,1.3,,,13.9,1.3,1.0
1132,1100,2,4,9.5,8.5,45.5,2.2,1.8,1.4,28.9,3.8,9.8
1133,1100,4,4,7.9,8.3,7.2,4.5,16.5,12.4,62.9,7.0,24.0
1134,1100,1,4,13.7,15.9,14.4,2.6,1.7,1.0,11.5,11.2,1.0
1135,1100,3,2,7.8,17.8,27.2,1.1,4.1,3.9,4.9,6.1,1.1
1136,1100,4,3,4.5,14.3,49.7,1.1,,1.5,11.4,6.7,1.0
1137,1100,3,4,5.9,4.8,24.2,7.3,2.9,4.5,56.1,1.8,23.2
1138,1100,4,3,11.6,2.4,15.5,4.1,1.5,1.2,55.1,3.7,1.2
1139,1100,3,4,11.8,6.4,15.5,17.8,2.6,1.6,45.5,1.8,2.7
1140,1100,4,4,13.0,5.8,20.1,5.2,2.9,6.0,52.6,9.6,2.0
1141,1100,4,3,9.6,2.5,12.8,3.6,6.3,1.2,52.2,10.9,13.1
1142,1100,3,4,3.7,1.6,3.3,29.3,3.8,2.8,58.5,1.2,1.2
1143,1100,2,4,7.1,2.7,11.3,16.7,4.2,3.7,53.5,1.9,4.3
1144,1100,3,4,7.1,1.7,6.9,21.7,1.7,1.5,65.2,1.6,2.7
1145,1100,4,3,14.3,13.0,22.2,1.3,8.8,1.4,15.9,15.0,1.1
1146,1100,4,3,12.9,16.3,16.0,1.5,17.1,2.8,14.9,2.4,9.3
1148,1100,3,3,4.5,1.7,9.2,6.8,57.7,28.0,40.0,3.9,1.2
1149,1100,3,3,8.8,2.8,6.6,6.3,8.1,6.2,74.6,2.1,1.9
1150,1100,3,4,7.9,1.7,5.4,5.2,,26.4,75.3,6.7,2.1
1151,1100,4,4,7.0,4.1,44.0,3.7,1.1,3.2,50.8,10.3,8.0
1152,1100,3,3,4.5,1.8,51.1,1.7,1.1,2.2,37.0,3.9,1.0
1153,1100,4,4,9.4,2.7,1.3,7.1,27.2,19.7,67.0,2.1,1.2
1154,1100,3,4,7.2,3.9,19.4,1.9,2.0,1.8,27.0,48.1,1.0
1155,1100,3,4,10.1,2.5,4.5,6.2,26.7,35.5,59.1,1.3,1.7
1156,1100,4,4,3.7,3.3,1.5,4.5,3.8,2.6,77.7,70.1,2.9
1157,1100,4,4,11.4,2.6,3.3,2.5,8.6,1.4,56.9,29.1,1.6
1158,1100,3,3,14.7,8.9,8.5,3.7,10.2,4.7,28.2,3.8,1.4
1159,1100,2,3,13.2,7.3,13.1,3.2,34.8,10.5,28.9,3.7,9.1
1160,1100,2,4,10.5,4.3,12.0,12.2,11.1,12.1,50.2,3.7,18.2
1161,1100,3,4,10.3,6.2,9.9,8.6,6.3,6.5,43.8,3.8,10.3
1162,1100,3,4,5.8,3.5,6.3,11.9,4.8,3.0,51.6,15.4,3.8
1163,1100,3,3,4.8,4.8,10.7,5.1,29.1,45.5,45.7,2.1,2.4
1165,1100,2,4,5.0,2.5,22.4,5.4,51.4,3.2,41.3,4.2,1.0
1167,1100,2,4,3.1,1.4,9.9,32.6,4.6,5.9,32.5,3.5,3.4
1169,1100,4,3,11.6,16.1,1.6,4.9,3.5,1.1,36.8,42.8,1.2
1170,1100,3,2,6.1,4.0,6.7,2.6,,1.4,45.0,74.1,1.0
1172,1100,3,3,3.5,3.2,30.5,7.7,24.8,3.2,59.0,5.1,2.4
1173,1100,3,4,11.0,7.7,9.8,19.7,4.5,14.8,32.2,2.9,8.4
1174,1100,2,4,4.4,4.4,14.3,16.9,4.1,20.0,29.3,6.6,1.8
1175,1100,2,4,3.8,1.9,3.3,42.4,1.7,2.1,30.8,1.7,3.0
1176,1100,3,4,10.7,7.2,3.7,14.7,4.6,3.3,62.9,9.8,10.8
1177,1100,3,4,5.0,4.1,12.2,16.9,7.0,2.5,41.7,7.1,5.5
1178,1100,3,4,5.1,5.8,5.0,13.4,8.7,6.2,65.0,7.8,4.2
1179,1100,4,3,6.9,5.0,3.1,17.2,3.5,24.8,58.0,21.1,3.8
1180,1100,4,3,8.4,5.9,8.8,3.6,,,79.4,21.3,1.2
1181,1100,3,4,5.6,3.5,6.7,16.2,5.2,2.6,48.9,11.8,54.1
1182,1100,3,3,4.4,1.6,4.6,1.9,,2.8,46.5,83.6,1.0
1183,1100,2,4,11.0,9.7,36.7,8.8,5.5,6.9,24.0,5.3,4.9
1184,1100,3,3,5.2,2.4,18.7,3.0,92.4,2.2,38.0,2.2,1.0
1185,1100,3,4,6.0,3.0,3.9,22.8,8.8,2.7,60.5,5.1,3.8
1186,1100,3,4,4.4,2.6,5.7,14.2,9.0,5.3,66.2,3.0,2.9
1187,1100,3,4,6.1,5.8,3.4,8.8,,4.4,92.4,11.6,1.7
1188,1100,3,3,3.6,1.9,2.6,25.2,2.7,16.4,48.3,1.6,6.5
1189,1100,3,3,3.7,3.0,9.6,18.2,6.0,10.4,45.4,7.7,1.7
1190,1100,1,4,3.2,2.1,35.1,11.5,7.0,17.8,20.4,13.7,1.1
1191,1100,3,3,3.1,2.2,34.9,15.6,6.8,2.4,62.8,9.5,8.1
1192,1100,3,4,6.9,8.9,28.6,3.7,2.0,2.7,40.6,3.2,7.1
1193,1100,3,3,3.2,2.7,10.2,8.3,33.3,69.2,45.7,4.7,1.3
1194,1100,2,4,3.2,1.6,28.4,21.1,6.8,4.0,52.2,6.5,3.6
1195,1100,2,4,6.6,1.8,60.1,6.6,2.0,6.0,19.3,4.6,1.0
1196,1100,3,4,6.2,2.0,5.4,22.4,1.1,1.6,54.7,7.6,7.4
1197,1100,2,4,6.0,10.5,18.6,4.7,11.3,28.3,50.2,3.9,4.6
1198,1100,3,4,6.6,4.4,18.8,6.8,2.3,6.4,74.4,3.0,6.9
1199,1100,3,4,5.6,4.7,12.8,18.5,5.8,4.2,66.7,14.3,6.7
1200,1100,3,3,4.2,1.9,6.2,5.6,94.8,2.8,37.8,1.5,1.5
1201,1100,2,4,9.3,16.4,18.3,6.6,10.1,7.8,26.5,17.8,2.8
1202,1300,3,3,5.8,6.6,4.8,2.7,7.6,2.5,32.9,3.9,6.7
1203,1300,3,4,7.5,11.9,5.5,3.0,3.5,9.6,40.2,14.3,3.2
1204,1300,3,3,4.9,3.9,13.1,2.6,1.8,2.9,17.5,13.9,1.0
1205,1300,3,2,7.0,10.9,5.2,1.8,15.4,2.5,6.2,9.5,1.0
1206,1300,4,4,5.8,2.3,2.9,4.4,3.2,7.4,39.4,7.8,1.1
1207,1300,2,3,6.8,7.7,8.7,1.3,3.4,1.2,7.5,18.0,1.1
1208,1300,4,3,6.0,6.2,1.8,14.6,,1.0,44.6,4.1,1.0
1209,1300,2,4,5.7,2.9,25.9,1.5,19.6,25.8,3.4,7.4,1.0
1210,1300,2,4,4.4,1.6,37.2,9.4,,8.8,7.1,3.0,1.0
1211,1300,2,2,6.6,17.1,15.3,1.2,1.1,9.3,7.4,5.9,
1212,1300,4,3,13.7,5.4,2.8,1.9,2.8,1.3,24.5,2.0,1.2
1213,1300,2,3,7.6,7.1,4.7,2.8,13.4,4.0,20.4,23.2,1.0
1214,1300,2,3,6.0,5.5,25.7,2.3,2.6,2.6,12.0,2.6,1.0
1215,1300,2,4,4.0,6.3,3.0,13.7,2.1,23.8,30.9,5.2,2.7
1216,1300,3,3,3.6,3.4,8.2,6.5,2.4,6.9,23.4,7.7,1.2
1217,1300,3,4,5.5,5.8,4.3,3.9,5.6,5.9,26.5,2.0,4.3
1218,1300,3,2,2.7,37.6,8.0,1.2,3.7,1.5,6.1,5.8,1.0
1219,1300,3,3,6.1,7.4,15.9,2.2,5.5,3.0,29.4,1.9,3.3
1220,1300,1,4,8.9,12.4,8.3,5.1,1.4,,6.7,4.2,1.0
1221,1300,2,3,4.1,3.1,9.2,4.0,4.0,26.2,16.7,7.3,1.0
1222,1300,4,3,4.9,3.8,5.2,2.6,1.9,3.3,46.2,7.6,2.9
1223,1300,2,3,7.2,3.0,11.9,11.3,6.7,4.7,24.8,1.5,2.5
1224,1300,3,4,9.5,19.8,3.8,2.8,5.0,2.9,22.0,3.7,3.4
1225,1300,4,2,6.1,3.7,1.4,1.2,4.0,6.0,18.4,90.2,1.1
1226,1300,4,3,6.8,7.8,3.5,2.1,2.5,10.7,34.7,6.0,18.8
1227,1300,3,3,8.6,11.4,5.2,1.8,17.6,3.7,18.7,19.1,1.0
1228,1300,4,3,4.4,3.0,2.0,5.3,3.1,5.7,45.1,1.7,8.8
1229,1300,2,4,6.9,9.2,16.6,3.4,5.0,1.6,14.9,5.0,1.3
1230,1300,3,4,10.8,7.9,4.4,6.1,3.4,4.4,11.2,15.5,16.7
1231,1300,3,3,4.7,6.2,4.9,9.5,6.8,4.4,44.3,5.8,4.5
1232,1300,3,3,7.6,6.9,3.6,7.0,7.6,4.2,16.1,27.1,4.0
1234,1300,3,3,8.3,15.2,7.0,2.2,13.4,1.1,12.8,4.4,1.0
1235,1300,4,4,7.3,7.3,2.4,4.7,4.2,1.2,23.1,23.1,3.4
1236,1300,1,3,4.2,10.3,6.1,6.9,17.4,7.6,11.6,1.5,1.0
1237,1300,4,3,7.3,12.4,3.6,1.6,1.1,1.6,50.7,13.2,1.5
1238,1300,3,4,4.2,5.6,9.8,3.0,16.0,9.6,14.2,4.8,1.0
1239,1300,4,3,4.6,12.9,3.0,1.6,4.8,1.4,41.6,4.5,1.1
1240,1300,2,2,1.6,4.0,35.4,1.4,10.0,4.1,5.6,38.5,1.0
1241,1300,3,2,4.9,3.0,12.3,1.4,6.7,52.1,7.3,2.1,1.1
1242,1300,2,3,4.9,4.3,13.3,1.7,3.5,20.2,6.5,13.3,2.2
1243,1300,3,3,5.7,12.8,30.2,1.3,1.3,1.5,12.6,18.6,2.0
1244,1300,2,3,7.2,4.4,5.8,8.2,3.2,2.1,15.5,2.1,1.6
1246,1300,2,4,5.1,1.8,8.4,12.6,,2.1,12.7,1.9,1.0
1247,1300,2,4,3.6,1.9,30.0,7.0,7.5,5.5,23.1,1.8,15.0
1248,1300,2,1,7.7,9.0,40.4,1.0,6.6,4.1,1.0,3.4,
1249,1300,3,4,5.7,4.1,18.9,1.4,2.7,29.6,7.2,3.1,1.0
1251,1300,2,4,3.9,12.3,21.6,1.5,1.4,5.1,11.9,4.1,1.4
1253,1300,2,3,6.6,11.8,8.7,5.6,,1.0,9.4,3.7,1.0
1254,1300,4,3,5.2,4.3,8.4,4.9,15.7,1.9,32.2,1.8,2.4
1255,1300,3,4,8.3,3.7,4.2,3.1,16.7,2.2,18.5,6.2,1.1
1256,1300,3,4,8.5,4.9,4.1,3.3,2.8,1.1,23.5,2.5,1.1
1257,1300,3,3,3.6,4.0,35.3,2.9,4.9,31.1,7.9,2.9,2.9
1259,1300,1,4,6.1,3.9,14.4,11.7,11.1,9.0,9.3,1.9,1.1
1260,1300,3,1,14.6,7.0,12.0,1.0,2.6,5.8,1.2,22.6,
1261,1300,2,4,3.4,2.4,21.1,9.1,6.2,2.7,35.6,11.2,1.2
1262,1300,4,3,6.7,19.2,4.4,1.6,10.5,4.6,13.4,17.3,1.1
1263,1300,2,4,4.5,3.9,24.2,2.8,1.1,9.1,15.3,8.8,1.0
1264,1300,3,3,3.8,5.4,6.2,7.8,3.4,5.5,25.3,26.1,2.2
1265,1300,3,3,7.8,3.6,7.2,1.3,1.2,23.8,6.8,1.8,1.0
1266,1300,2,4,5.7,2.6,7.5,14.5,5.1,4.1,18.3,6.0,1.0
1267,1300,2,3,9.2,4.5,6.3,5.4,4.9,10.2,9.7,2.0,1.3
1268,1300,2,4,6.9,4.0,12.8,1.9,6.8,41.6,21.0,9.5,1.0
1269,1300,2,3,7.6,4.5,7.8,2.8,2.6,4.5,5.0,18.9,1.1
1270,1300,2,4,6.0,3.2,11.9,10.8,7.5,7.6,22.6,3.3,17.5
1271,1300,2,4,6.0,6.4,27.6,1.7,1.4,41.7,8.4,5.7,1.0
1272,1300,2,4,5.5,4.9,2.5,7.8,17.9,7.6,29.1,3.8,1.0
1273,1300,2,4,3.9,2.3,55.4,1.3,1.8,3.3,10.3,6.3,1.0
1274,1300,2,4,5.4,3.7,3.5,21.0,,5.4,17.2,7.2,1.0
1275,1300,2,4,4.4,1.7,34.5,1.5,1.4,8.3,6.3,2.0,1.2
1276,1300,2,4,4.1,2.1,5.4,16.5,1.9,1.1,21.1,2.7,5.8
1277,1300,2,2,4.2,4.1,11.2,1.2,9.4,11.4,4.1,45.7,1.0
1278,1300,2,3,6.3,3.9,12.3,9.4,2.6,1.7,30.5,9.2,1.1
1279,1300,3,4,4.1,1.7,9.3,9.2,1.6,6.1,44.4,9.7,6.8
1280,1300,3,4,5.7,3.1,12.7,7.0,6.2,7.1,32.3,1.6,28.4
1282,1300,3,3,4.0,9.6,8.2,2.1,23.7,5.6,13.7,5.8,1.2
1283,1300,2,4,4.9,1.6,11.5,6.8,9.7,4.9,18.1,1.8,1.1
1284,1300,2,3,9.7,9.3,27.8,1.2,10.1,4.2,2.6,3.4,2.0
1286,1300,3,4,6.8,3.7,24.8,4.3,5.3,3.5,17.0,1.9,3.1
1287,1300,2,3,5.4,6.4,32.2,2.1,1.5,13.2,6.3,10.1,2.4
1288,1300,2,4,6.4,3.6,12.8,10.3,9.6,11.9,12.4,1.9,9.8
1290,1300,3,4,4.9,2.9,16.7,1.8,26.9,27.3,5.4,5.2,1.0
1291,1300,3,4,4.5,5.2,8.9,3.5,15.5,2.1,14.9,42.6,1.4
1292,1300,2,4,7.5,3.6,34.3,5.3,2.2,2.2,23.7,1.9,1.0
1293,1300,2,3,4.4,5.6,29.0,3.4,4.0,2.2,4.8,1.8,2.6
1294,1300,4,3,4.1,2.6,13.1,2.3,2.1,1.8,48.9,2.4,8.3
1295,1300,4,2,7.1,5.3,3.9,2.4,1.7,4.6,27.3,2.0,1.0
1296,1300,2,2,9.0,11.0,4.1,1.3,6.2,2.0,5.7,3.3,
1297,1300,3,3,6.4,2.8,3.7,9.6,5.8,1.6,30.0,2.7,1.3
1298,1300,3,4,5.7,4.9,4.0,5.0,6.0,7.4,14.2,29.2,10.1
1299,1300,4,3,6.9,5.5,4.5,2.2,1.5,1.5,65.2,4.3,3.1
1300,1300,3,4,4.6,7.1,7.6,3.9,2.1,2.7,38.1,3.8,2.1
1301,1300,2,4,3.9,2.2,37.6,4.6,11.2,8.7,25.5,1.7,1.0
1302,1300,2,4,5.8,2.1,18.4,3.7,,10.2,12.9,3.1,1.0
1304,1300,3,4,5.3,9.7,2.4,6.0,,4.6,34.1,4.0,1.0
1305,1300,3,3,3.8,2.0,20.1,1.2,1.4,41.1,12.7,5.5,1.0
1306,1300,3,3,4.3,2.0,28.6,3.1,,,54.0,11.2,1.0
1307,1300,3,3,3.5,1.3,15.6,1.9,2.2,49.8,21.4,2.0,1.0
1308,1300,3,3,10.5,5.8,13.6,2.8,5.6,2.9,24.5,1.8,1.3
1309,1300,2,4,4.5,8.4,9.3,5.5,23.6,18.8,25.8,4.0,1.1
1310,1300,2,3,8.5,4.8,17.8,1.2,6.8,3.1,3.9,3.3,1.0
1311,1300,3,3,6.4,5.5,5.1,3.7,5.4,2.1,48.1,4.0,1.0
1312,1300,3,3,6.5,5.4,4.6,5.4,8.4,8.8,24.4,13.8,7.9
1313,1300,2,2,6.5,3.8,19.6,1.1,37.9,23.0,2.1,2.0,
1314,1300,4,2,3.2,6.0,45.2,1.4,2.0,1.6,8.3,2.1,5.8
1315,1300,2,3,4.5,2.3,6.7,5.9,13.5,3.8,46.2,2.0,8.5
1316,1300,3,2,8.1,3.6,11.3,1.2,,,10.1,20.9,1.0
1317,1300,3,2,8.3,3.8,13.3,1.7,19.2,2.5,15.7,4.9,1.0
1318,1300,2,3,12.5,13.0,7.5,1.5,13.7,3.7,4.4,4.8,1.3
1319,1300,3,2,8.4,5.2,29.8,1.1,,,7.3,5.0,1.0
1320,1300,4,2,6.6,5.5,2.9,1.1,4.6,2.7,9.0,49.1,1.0
1321,1300,2,3,7.5,10.7,5.0,1.2,5.7,1.1,3.3,12.5,1.0
1322,1300,4,1,10.2,3.9,4.7,1.0,,,9.4,56.0,1.0
1323,1300,2,4,3.5,1.6,2.4,9.8,,,41.7,2.1,1.0
1324,1300,3,3,10.9,4.0,8.5,2.9,6.3,1.8,39.7,2.2,4.0
1325,1300,2,4,8.0,3.0,3.2,4.0,8.7,1.4,30.3,2.0,1.0
1326,1300,3,3,7.2,8.6,11.7,2.3,7.3,2.0,14.7,4.9,5.1
1327,1300,2,2,3.7,5.8,19.9,1.0,4.9,7.4,1.2,16.2,
1328,1300,2,2,10.1,5.8,4.1,2.1,,,13.4,5.6,1.0
1329,1300,3,2,9.7,14.8,4.6,2.1,4.1,1.4,12.4,9.0,1.3
1330,1300,2,2,4.5,15.0,22.3,1.1,2.2,1.6,1.0,4.8,1.0
1331,1300,1,1,7.5,8.8,31.5,1.0,8.5,9.1,1.0,5.5,
1332,1300,4,1,6.3,2.8,1.2,1.6,6.4,1.0,15.1,49.6,1.0
1333,1300,2,1,7.6,15.1,4.4,1.1,4.4,1.6,1.1,25.9,
1334,1300,2,3,7.0,6.4,12.4,1.6,1.3,1.7,9.4,6.7,1.5
1335,1300,4,1,5.1,4.0,3.3,1.0,1.8,,18.5,61.8,1.0
1337,1300,3,3,8.6,2.8,4.9,3.5,,,28.5,1.2,1.2
1338,1300,3,2,4.1,1.6,33.2,1.4,,,10.7,1.3,1.0
1339,1300,3,3,11.3,2.7,6.2,2.2,1.6,3.7,24.5,1.2,1.1
1340,1300,4,3,12.7,5.7,2.2,2.5,5.0,1.2,24.5,3.7,5.1
1341,1300,3,3,6.7,2.0,17.8,1.7,,,27.2,2.9,1.2
1342,1300,3,2,10.2,10.5,12.1,1.5,9.7,2.3,17.2,4.7,1.0
1343,1300,4,3,11.3,22.6,3.0,1.1,13.6,1.5,8.0,3.9,1.1
1344,1300,4,3,9.5,5.1,17.4,2.5,3.5,1.2,35.7,18.2,1.3
1345,1300,4,3,9.0,2.7,8.5,3.1,5.1,1.4,48.8,12.4,2.5
1346,1300,3,4,3.8,2.0,30.3,2.8,,,35.2,1.3,1.0
1347,1300,3,4,4.7,1.3,26.0,4.7,,1.3,21.7,1.3,1.3
1348,1300,3,3,6.4,1.5,17.5,5.2,2.5,1.4,37.9,6.3,11.5
1349,1300,3,3,5.1,2.4,10.9,7.8,2.4,1.9,20.2,3.8,1.3
1350,1300,4,3,7.4,2.8,6.3,5.3,1.3,1.2,43.4,3.7,2.0
1351,1300,4,3,5.2,1.2,9.5,3.4,,,45.0,1.3,1.4
1352,1300,2,3,3.5,8.7,12.3,2.1,2.4,1.1,12.5,48.3,1.0
1353,1300,3,4,5.7,2.4,1.9,6.5,4.3,6.7,27.8,4.3,1.2
1354,1300,3,3,11.2,4.9,2.0,1.8,2.2,1.2,10.7,3.9,1.3
1355,1300,3,3,6.6,2.8,3.2,1.4,57.9,1.9,7.9,2.3,1.2
1356,1300,4,4,10.9,4.1,12.0,1.4,13.2,1.6,13.1,2.3,3.3
1357,1300,4,3,8.8,8.0,24.9,1.3,12.6,2.5,18.3,5.5,4.6
1358,1300,3,3,9.2,9.7,4.7,2.8,1.6,6.7,27.5,23.5,2.7
1360,1300,3,4,8.8,5.2,1.8,2.3,18.7,30.2,8.5,4.4,1.0
1361,1300,3,3,6.0,5.3,32.7,2.2,7.4,3.9,17.3,3.9,1.0
1362,1300,2,4,7.8,5.1,19.2,6.7,1.8,3.5,31.1,3.9,2.8
1363,1300,2,4,6.3,5.7,10.6,5.8,3.9,4.8,18.9,3.9,2.5
1364,1300,3,3,4.6,9.8,14.5,2.0,1.1,1.0,29.9,4.3,1.2
1365,1300,4,3,5.5,9.3,18.4,1.4,1.3,1.1,33.7,10.0,1.0
1366,1300,2,4,5.4,2.7,24.0,2.6,,4.7,28.6,3.1,1.0
1367,1300,3,3,3.7,2.3,9.7,3.0,7.0,30.3,5.3,14.0,1.1
1368,1300,3,4,3.9,3.0,8.5,3.7,1.0,1.1,44.1,9.3,1.0
1369,1300,3,3,4.4,12.8,29.0,1.4,4.4,1.1,16.4,4.2,1.0
1370,1300,3,4,3.1,2.5,12.1,8.0,2.2,8.3,39.4,7.6,2.1
1371,1300,2,4,6.6,5.7,18.6,2.4,3.1,3.8,19.2,13.0,1.0
1372,1300,2,4,4.2,4.2,12.3,10.5,3.4,3.1,9.8,7.7,1.0
1373,1300,3,3,5.0,5.5,12.5,2.4,,5.7,49.0,4.0,1.0
1374,1300,3,3,2.6,2.4,8.9,10.1,5.9,3.4,50.7,1.5,1.6
1375,1300,2,3,6.3,1.1,15.6,3.6,27.7,16.6,27.0,2.9,1.0
1376,1300,1,4,4.2,4.0,22.0,8.5,3.3,8.3,44.7,4.0,1.0
1377,1300,2,4,4.5,2.3,44.5,3.1,9.7,8.8,18.7,1.7,1.0
1378,1300,3,3,9.0,11.6,12.0,2.0,1.0,1.3,22.7,10.9,5.8
1379,1300,2,3,3.7,2.5,8.9,4.1,25.0,26.4,46.3,4.2,1.0
1380,1300,3,3,6.1,4.3,13.8,4.3,2.5,1.8,45.8,12.0,2.9
1381,1300,3,3,5.2,1.8,15.1,2.7,,1.7,28.3,3.0,1.0
1382,1300,2,3,6.2,7.0,25.5,2.7,3.1,6.8,5.5,12.2,1.0
1383,1300,2,3,5.9,4.4,18.7,3.6,2.3,20.2,6.0,29.5,1.2
1384,1300,3,4,5.4,4.2,20.3,3.1,3.5,3.9,52.5,7.4,2.4
1385,1300,2,4,4.7,5.9,19.0,6.1,,2.1,13.6,2.3,1.2
1386,1300,3,3,6.3,4.0,5.0,4.2,1.4,2.0,47.5,12.3,4.5
1387,1300,3,3,6.0,10.4,4.5,3.3,,1.0,14.1,11.0,1.0
1388,1300,2,3,2.2,3.5,31.9,3.0,3.2,12.0,7.6,8.1,1.0
1389,1300,2,4,3.6,2.1,37.1,1.6,4.5,13.8,27.0,4.5,1.3
1390,1300,2,4,5.6,2.1,10.9,3.8,,,37.2,5.2,1.0
1391,1300,3,4,7.6,2.4,9.7,9.8,5.7,5.1,39.5,6.8,4.5
1392,1300,3,4,5.2,12.7,3.4,6.9,1.4,2.6,61.8,3.9,1.0
1394,1300,3,3,5.4,2.7,21.8,1.3,3.0,21.4,12.1,3.0,1.0
1395,1300,3,3,4.9,4.9,10.0,5.8,21.4,10.6,33.3,16.5,1.6
1396,1300,2,3,3.9,1.8,41.8,4.2,6.7,2.5,18.7,1.8,1.0
1397,1300,3,4,11.7,3.3,8.7,1.4,13.5,1.7,8.6,2.3,1.0
1398,1300,2,2,4.0,10.0,19.3,1.3,2.5,9.9,2.0,1.9,1.0
1399,1300,2,4,5.5,5.6,8.7,9.0,12.2,11.7,12.4,2.0,2.4
1400,1300,4,3,7.7,4.9,3.0,2.6,1.1,2.5,67.7,3.7,5.3
1401,1401,3,4,3.5,3.5,12.8,1.4,1.6,14.9,11.4,1.9,1.0
1402,1401,4,4,5.7,4.8,3.5,3.0,1.2,1.1,33.7,2.0,1.0
1403,1401,3,3,3.6,9.1,6.7,3.0,,,25.5,8.7,1.3
1404,1401,3,3,5.2,3.3,3.8,2.9,3.6,2.3,14.9,5.5,1.0
1405,1401,4,3,3.7,4.1,4.8,2.9,2.6,3.4,16.4,1.7,1.0
1406,1401,2,2,5.3,2.6,17.1,1.1,3.6,3.6,2.3,4.6,1.0
1407,1401,3,2,6.8,12.8,2.8,2.4,1.4,1.0,7.4,3.9,1.1
1408,1401,2,2,5.2,3.3,10.2,1.7,3.2,1.2,5.9,12.1,1.0
1409,1401,2,3,3.0,2.5,9.7,3.7,2.9,1.2,9.9,3.1,1.0
1411,1401,1,4,4.1,4.4,2.0,10.7,,2.1,2.6,2.1,1.0
1412,1401,2,3,6.2,4.4,8.5,3.0,1.7,2.2,4.2,6.8,1.0
1413,1401,2,3,6.6,4.1,2.6,2.3,1.4,1.3,8.6,3.8,1.0
1414,1401,3,3,3.3,1.8,14.1,1.3,1.9,3.8,26.4,5.2,1.2
1415,1401,2,2,7.0,7.9,5.7,1.0,3.4,1.2,1.0,3.3,1.1
1416,1401,3,3,4.1,5.1,5.0,2.4,21.9,3.4,13.0,7.7,1.0
1417,1401,3,2,3.6,3.2,8.5,1.9,13.9,2.9,17.0,4.1,1.2
1418,1401,3,2,7.6,2.7,12.0,1.0,1.1,6.7,2.6,3.1,1.1
1419,1401,3,4,5.5,7.0,6.6,1.4,1.3,3.3,9.5,5.2,1.0
1420,1401,3,3,7.1,1.9,10.7,1.1,2.7,3.3,2.5,1.9,1.0
1421,1401,3,2,6.6,2.8,6.6,1.9,7.3,1.2,10.1,2.5,1.7
1422,1401,3,4,5.8,3.9,15.8,1.4,1.2,1.2,20.0,3.7,1.0
1425,1401,4,3,4.9,4.6,1.9,1.5,1.9,1.1,8.3,9.4,1.0
1426,1401,2,2,4.2,3.8,7.0,2.0,1.8,1.2,2.3,1.9,1.0
1427,1401,2,3,4.1,2.9,7.6,3.9,1.8,1.3,28.9,3.9,1.4
1428,1401,3,3,7.0,4.1,6.4,1.3,1.9,4.4,9.0,5.6,1.2
1429,1401,2,4,5.1,2.6,14.2,1.2,1.8,4.0,7.5,3.3,1.0
1430,1401,4,3,4.6,3.1,3.1,3.3,1.4,11.3,27.6,1.9,2.7
1431,1401,4,3,5.0,1.6,10.9,4.3,4.5,1.6,26.5,1.5,1.3
1432,1401,2,4,4.5,2.5,3.1,5.1,13.0,8.7,14.5,1.8,1.0
1433,1401,3,3,6.3,5.4,4.4,2.8,4.3,1.2,24.7,2.5,1.0
1434,1401,3,3,4.7,5.3,4.1,1.8,3.8,2.9,3.4,3.2,1.8
1435,1401,3,3,3.5,6.0,8.3,4.5,5.2,11.2,14.9,2.8,1.0
1437,1401,3,4,6.3,2.5,8.7,1.7,13.7,1.3,11.5,5.4,1.1
1438,1401,2,3,3.8,2.4,4.5,4.2,2.3,25.5,19.3,4.1,1.9
1439,1401,2,4,3.0,3.7,3.5,7.2,21.4,2.2,10.6,1.7,1.0
1440,1401,4,2,6.4,4.7,5.7,1.4,7.4,3.4,12.3,3.7,1.0
1441,1401,2,2,6.3,8.7,3.0,2.5,,1.1,8.8,3.9,1.0
1442,1401,2,3,8.6,4.2,3.1,2.8,12.7,1.7,8.2,2.2,1.0
1443,1401,3,2,3.1,1.6,32.5,1.2,,,10.8,1.6,1.0
1444,1401,4,3,6.6,4.4,4.4,1.5,2.6,1.1,12.5,2.1,7.5
1445,1401,4,3,5.3,2.0,4.2,3.1,12.4,1.4,32.6,2.1,2.8
1446,1401,3,2,4.4,2.4,6.0,2.1,3.8,1.5,7.3,2.0,1.0
1447,1401,4,2,5.9,1.8,5.4,2.4,1.6,1.3,21.4,1.6,1.1
1448,1401,3,3,5.5,1.5,4.9,2.4,2.2,1.1,10.1,1.6,1.0
1449,1401,3,2,3.5,1.8,15.5,1.6,2.6,1.2,17.4,1.9,1.0
1450,1401,2,4,4.6,4.3,9.9,2.0,13.3,2.1,13.1,2.2,1.0
1451,1401,3,2,3.9,2.9,4.2,1.1,2.3,2.7,7.7,26.2,1.0
1452,1401,2,3,6.1,3.2,5.1,1.6,3.3,1.1,5.0,2.3,1.0
1453,1401,2,3,3.4,2.1,8.2,2.8,5.2,1.1,28.3,2.0,1.2
1454,1401,3,2,4.5,3.4,1.3,1.5,16.7,1.2,10.3,16.6,1.0
1455,1401,2,3,4.1,1.4,2.0,4.8,35.1,,14.3,2.0,1.1
1456,1401,3,2,4.4,2.4,3.0,1.7,4.6,1.8,9.4,2.0,1.0
1457,1401,3,2,4.9,2.4,3.5,1.5,,,6.5,2.1,1.0
1458,1401,3,1,4.7,6.1,17.4,1.0,,,3.1,5.4,1.0
1459,1401,3,2,4.8,2.7,4.0,3.2,2.2,1.1,11.0,2.1,1.2
1460,1401,3,2,11.8,2.4,2.9,1.4,,,5.3,1.9,1.0
1461,1401,3,2,7.2,2.2,4.9,2.0,2.2,1.4,24.4,7.8,2.7
1462,1401,4,3,7.1,2.1,5.0,2.8,5.9,1.3,22.9,6.8,1.1
1463,1401,2,3,6.0,3.9,6.4,1.3,2.9,1.3,5.0,2.2,1.0
1464,1401,2,3,4.0,2.6,3.3,5.6,4.4,1.3,14.7,2.1,1.1
1465,1401,3,3,6.1,3.9,10.6,1.3,2.7,1.1,11.0,4.5,1.1
1466,1401,2,3,6.5,3.2,7.9,2.2,2.7,1.8,5.9,7.8,1.1
1467,1401,3,2,3.3,2.3,8.0,1.3,3.7,1.9,11.9,2.2,1.1
1468,1401,4,3,3.6,1.6,4.4,1.8,3.4,1.5,9.2,2.1,1.0
1469,1401,3,2,7.9,2.0,5.3,1.7,21.7,1.1,11.8,4.5,1.0
1470,1401,4,1,3.8,9.9,3.9,1.1,2.0,1.6,4.8,3.1,1.0
1471,1401,4,2,4.1,1.8,2.5,2.0,,,14.0,1.5,1.0
1472,1401,3,3,6.7,1.7,3.3,1.7,2.8,1.8,11.9,2.9,1.0
1473,1401,4,2,7.4,2.1,2.6,1.6,,,31.0,3.6,1.0
1474,1401,4,2,5.1,2.4,20.4,1.3,,,13.1,2.1,1.2
1475,1401,3,3,6.4,3.3,3.3,1.5,6.2,1.7,6.8,4.1,1.0
1476,1401,2,3,5.2,3.4,13.0,1.2,3.9,2.0,5.1,2.2,1.0
1477,1401,3,3,6.1,9.0,2.0,1.5,4.1,1.6,7.6,3.7,1.3
1478,1401,4,3,6.0,2.3,1.4,1.6,7.9,1.9,15.7,4.6,1.5
1479,1401,2,3,2.2,3.5,2.9,2.7,3.6,2.3,6.8,6.4,1.0
1480,1401,2,1,4.9,1.3,19.1,1.1,3.1,4.1,4.8,5.0,1.0
1481,1401,3,2,3.8,3.6,3.4,1.9,1.4,1.2,9.6,2.1,1.0
1482,1401,4,4,7.7,2.7,7.3,1.4,,,13.6,1.5,1.1
1483,1401,4,3,3.7,1.3,15.4,1.7,,,9.0,2.2,1.0
1484,1401,3,3,3.9,2.5,13.7,3.3,2.1,1.3,13.4,1.3,2.8
1485,1401,4,4,4.1,2.5,7.3,3.1,2.5,1.1,40.8,1.3,1.1
1486,1401,4,4,3.8,1.3,6.8,4.2,3.5,1.2,32.7,1.3,1.3
1487,1401,3,3,3.8,1.7,13.8,3.5,2.1,1.3,28.6,2.2,3.2
1488,1401,3,2,2.9,2.0,8.1,2.1,,,8.6,1.5,1.0
1489,1401,4,3,3.6,1.7,6.3,2.6,2.5,1.1,35.4,1.3,1.9
1490,1401,4,3,8.1,5.1,7.0,1.3,6.2,1.6,4.5,3.7,1.0
1491,1401,2,3,7.1,5.2,7.8,1.6,3.2,1.1,6.0,2.5,1.0
1492,1401,3,3,5.5,2.5,6.5,1.1,8.4,1.1,4.5,2.3,1.0
1493,1401,2,3,6.6,2.5,8.8,1.9,8.4,6.1,12.5,3.3,1.0
1494,1401,3,2,5.6,2.9,6.5,1.5,15.9,9.9,5.2,2.9,1.0
1495,1401,3,3,4.5,2.2,3.2,2.1,,,21.8,13.4,1.0
1497,1401,4,2,6.4,1.7,3.8,1.1,1.5,1.0,3.7,2.2,1.0
1498,1401,2,3,3.0,2.2,10.6,6.1,1.3,1.9,6.5,3.1,1.0
1499,1401,3,2,5.6,2.2,4.0,1.9,1.5,5.2,34.5,6.2,2.3
1500,1401,2,2,7.2,9.4,3.3,1.8,2.1,2.1,6.4,9.6,1.0
1501,1401,3,4,4.1,4.2,7.2,3.9,1.4,2.5,18.6,3.9,1.1
